,dtc_0,dtc_1
0,0.9696969696969697,0.030303030303030304
1,0.6818181818181818,0.3181818181818182
2,0.8695652173913043,0.13043478260869565
3,0.8695652173913043,0.13043478260869565
4,0.8666666666666667,0.13333333333333333
5,0.42105263157894735,0.5789473684210527
6,0.5925925925925926,0.4074074074074074
7,1.0,0.0
8,0.7916666666666666,0.20833333333333334
9,0.8055555555555556,0.19444444444444445
10,0.42105263157894735,0.5789473684210527
11,1.0,0.0
12,0.25,0.75
13,0.6818181818181818,0.3181818181818182
14,0.8846153846153846,0.11538461538461539
15,0.4594594594594595,0.5405405405405406
16,0.36363636363636365,0.6363636363636364
17,0.9583333333333334,0.041666666666666664
18,0.5652173913043478,0.43478260869565216
19,0.7916666666666666,0.20833333333333334
20,0.23809523809523808,0.7619047619047619
21,0.9583333333333334,0.041666666666666664
22,0.8666666666666667,0.13333333333333333
23,0.9285714285714286,0.07142857142857142
24,1.0,0.0
25,1.0,0.0
26,0.3103448275862069,0.6896551724137931
27,1.0,0.0
28,0.10344827586206896,0.896551724137931
29,0.5833333333333334,0.4166666666666667
30,0.9285714285714286,0.07142857142857142
31,0.8205128205128205,0.1794871794871795
32,0.8181818181818182,0.18181818181818182
33,0.95,0.05
34,0.8055555555555556,0.19444444444444445
35,0.84,0.16
36,0.8055555555555556,0.19444444444444445
37,0.3448275862068966,0.6551724137931034
38,0.6190476190476191,0.38095238095238093
39,0.84,0.16
40,0.2894736842105263,0.7105263157894737
41,0.18181818181818182,0.8181818181818182
42,0.5555555555555556,0.4444444444444444
43,0.8571428571428571,0.14285714285714285
44,0.8571428571428571,0.14285714285714285
45,0.18181818181818182,0.8181818181818182
46,0.07692307692307693,0.9230769230769231
47,0.95,0.05
48,0.6521739130434783,0.34782608695652173
49,0.35,0.65
50,0.5925925925925926,0.4074074074074074
51,0.7272727272727273,0.2727272727272727
52,0.6956521739130435,0.30434782608695654
53,0.5454545454545454,0.45454545454545453
54,0.18181818181818182,0.8181818181818182
55,0.07692307692307693,0.9230769230769231
56,0.7619047619047619,0.23809523809523808
57,0.45161290322580644,0.5483870967741935
58,0.4473684210526316,0.5526315789473685
59,0.4594594594594595,0.5405405405405406
60,0.7916666666666666,0.20833333333333334
61,0.8125,0.1875
62,0.45454545454545453,0.5454545454545454
63,1.0,0.0
64,1.0,0.0
65,0.47619047619047616,0.5238095238095238
66,1.0,0.0
67,0.8181818181818182,0.18181818181818182
68,0.9565217391304348,0.043478260869565216
69,0.23809523809523808,0.7619047619047619
70,0.23809523809523808,0.7619047619047619
71,0.8695652173913043,0.13043478260869565
72,0.8666666666666667,0.13333333333333333
73,0.8125,0.1875
74,0.3333333333333333,0.6666666666666666
75,0.95,0.05
76,0.3103448275862069,0.6896551724137931
77,0.9,0.1
78,0.9696969696969697,0.030303030303030304
79,0.4594594594594595,0.5405405405405406
80,0.7916666666666666,0.20833333333333334
81,0.5909090909090909,0.4090909090909091
82,0.6190476190476191,0.38095238095238093
83,0.42105263157894735,0.5789473684210527
84,0.7916666666666666,0.20833333333333334
85,0.9583333333333334,0.041666666666666664
86,0.6774193548387096,0.3225806451612903
87,0.8205128205128205,0.1794871794871795
88,0.8181818181818182,0.18181818181818182
89,0.8695652173913043,0.13043478260869565
90,0.25,0.75
91,0.65,0.35
92,0.8333333333333334,0.16666666666666666
93,0.7727272727272727,0.22727272727272727
94,0.42105263157894735,0.5789473684210527
95,0.75,0.25
96,0.8695652173913043,0.13043478260869565
97,0.7916666666666666,0.20833333333333334
98,0.5909090909090909,0.4090909090909091
99,0.8125,0.1875
100,0.5833333333333334,0.4166666666666667
101,1.0,0.0
102,0.8709677419354839,0.12903225806451613
103,0.6190476190476191,0.38095238095238093
104,0.5833333333333334,0.4166666666666667
105,0.5833333333333334,0.4166666666666667
106,0.85,0.15
107,0.3225806451612903,0.6774193548387096
108,0.7619047619047619,0.23809523809523808
109,0.07692307692307693,0.9230769230769231
110,1.0,0.0
111,0.36363636363636365,0.6363636363636364
112,0.9565217391304348,0.043478260869565216
113,0.5,0.5
114,0.95,0.05
115,0.55,0.45
116,0.84,0.16
117,0.5833333333333334,0.4166666666666667
118,0.65,0.35
119,0.8620689655172413,0.13793103448275862
120,0.3103448275862069,0.6896551724137931
121,0.5714285714285714,0.42857142857142855
122,0.5652173913043478,0.43478260869565216
123,0.16666666666666666,0.8333333333333334
124,0.32142857142857145,0.6785714285714286
125,0.8205128205128205,0.1794871794871795
126,0.5217391304347826,0.4782608695652174
127,0.8108108108108109,0.1891891891891892
128,0.6190476190476191,0.38095238095238093
129,0.10344827586206896,0.896551724137931
130,0.7931034482758621,0.20689655172413793
131,0.5909090909090909,0.4090909090909091
132,0.5909090909090909,0.4090909090909091
133,0.30434782608695654,0.6956521739130435
134,0.8205128205128205,0.1794871794871795
135,0.8846153846153846,0.11538461538461539
136,0.8055555555555556,0.19444444444444445
137,1.0,0.0
138,1.0,0.0
139,1.0,0.0
140,0.18181818181818182,0.8181818181818182
141,1.0,0.0
142,0.7,0.3
143,0.7272727272727273,0.2727272727272727
144,0.7,0.3
145,0.8205128205128205,0.1794871794871795
146,0.9696969696969697,0.030303030303030304
147,0.8666666666666667,0.13333333333333333
148,0.7916666666666666,0.20833333333333334
149,0.8108108108108109,0.1891891891891892
150,1.0,0.0
151,0.8055555555555556,0.19444444444444445
152,0.8620689655172413,0.13793103448275862
153,0.6190476190476191,0.38095238095238093
154,1.0,0.0
155,1.0,0.0
156,0.23809523809523808,0.7619047619047619
157,0.8695652173913043,0.13043478260869565
158,0.47619047619047616,0.5238095238095238
159,0.9583333333333334,0.041666666666666664
160,1.0,0.0
161,0.8181818181818182,0.18181818181818182
162,0.7,0.3
163,0.10344827586206896,0.896551724137931
164,0.8620689655172413,0.13793103448275862
165,0.2222222222222222,0.7777777777777778
166,0.5,0.5
167,1.0,0.0
168,0.8846153846153846,0.11538461538461539
169,0.5217391304347826,0.4782608695652174
170,1.0,0.0
171,0.84,0.16
172,1.0,0.0
173,0.84,0.16
174,0.9696969696969697,0.030303030303030304
175,1.0,0.0
176,1.0,0.0
177,0.8695652173913043,0.13043478260869565
178,0.6,0.4
179,1.0,0.0
180,0.6818181818181818,0.3181818181818182
181,0.9,0.1
182,0.7352941176470589,0.2647058823529412
183,0.8571428571428571,0.14285714285714285
184,0.7931034482758621,0.20689655172413793
185,0.8666666666666667,0.13333333333333333
186,0.75,0.25
187,0.8108108108108109,0.1891891891891892
188,0.7916666666666666,0.20833333333333334
189,0.8055555555555556,0.19444444444444445
190,0.8205128205128205,0.1794871794871795
191,0.9285714285714286,0.07142857142857142
192,1.0,0.0
193,0.7916666666666666,0.20833333333333334
194,0.8108108108108109,0.1891891891891892
195,1.0,0.0
196,0.5238095238095238,0.47619047619047616
197,0.65,0.35
198,1.0,0.0
199,0.5217391304347826,0.4782608695652174
200,0.8571428571428571,0.14285714285714285
201,0.8205128205128205,0.1794871794871795
202,0.32,0.68
203,1.0,0.0
204,0.9090909090909091,0.09090909090909091
205,0.6,0.4
206,0.7,0.3
207,0.85,0.15
208,0.7272727272727273,0.2727272727272727
209,1.0,0.0
210,0.5769230769230769,0.4230769230769231
211,0.5,0.5
212,1.0,0.0
213,0.36363636363636365,0.6363636363636364
214,0.10344827586206896,0.896551724137931
215,0.35,0.65
216,0.55,0.45
217,0.36363636363636365,0.6363636363636364
218,0.5652173913043478,0.43478260869565216
219,0.8205128205128205,0.1794871794871795
220,0.5925925925925926,0.4074074074074074
221,0.23809523809523808,0.7619047619047619
222,0.6190476190476191,0.38095238095238093
223,0.42105263157894735,0.5789473684210527
224,0.3103448275862069,0.6896551724137931
225,0.4594594594594595,0.5405405405405406
226,0.5,0.5
227,1.0,0.0
228,0.6,0.4
229,0.8571428571428571,0.14285714285714285
230,0.9,0.1
231,0.9696969696969697,0.030303030303030304
232,0.7931034482758621,0.20689655172413793
233,0.8055555555555556,0.19444444444444445
234,0.8205128205128205,0.1794871794871795
235,0.7619047619047619,0.23809523809523808
236,0.8205128205128205,0.1794871794871795
237,0.36363636363636365,0.6363636363636364
238,0.8055555555555556,0.19444444444444445
239,0.32142857142857145,0.6785714285714286
240,0.75,0.25
241,0.45,0.55
242,0.6129032258064516,0.3870967741935484
243,0.5714285714285714,0.42857142857142855
244,0.7619047619047619,0.23809523809523808
245,0.42105263157894735,0.5789473684210527
246,0.6,0.4
247,0.32142857142857145,0.6785714285714286
248,1.0,0.0
249,1.0,0.0
250,0.3103448275862069,0.6896551724137931
251,0.23809523809523808,0.7619047619047619
252,0.8571428571428571,0.14285714285714285
253,0.55,0.45
254,0.8205128205128205,0.1794871794871795
255,0.8695652173913043,0.13043478260869565
256,0.8695652173913043,0.13043478260869565
257,1.0,0.0
258,0.8095238095238095,0.19047619047619047
259,0.5,0.5
260,0.85,0.15
261,0.36363636363636365,0.6363636363636364
262,0.9166666666666666,0.08333333333333333
263,0.8571428571428571,0.14285714285714285
264,0.18181818181818182,0.8181818181818182
265,0.9,0.1
266,1.0,0.0
267,0.7352941176470589,0.2647058823529412
268,0.32142857142857145,0.6785714285714286
269,0.8846153846153846,0.11538461538461539
270,1.0,0.0
271,1.0,0.0
272,0.7,0.3
273,0.32,0.68
274,0.5,0.5
275,0.9,0.1
276,0.3448275862068966,0.6551724137931034
277,0.8928571428571429,0.10714285714285714
278,0.8181818181818182,0.18181818181818182
279,0.85,0.15
280,0.36363636363636365,0.6363636363636364
281,0.10344827586206896,0.896551724137931
282,0.10344827586206896,0.896551724137931
283,0.6666666666666666,0.3333333333333333
284,0.95,0.05
285,0.7,0.3
286,0.5217391304347826,0.4782608695652174
287,0.3333333333333333,0.6666666666666666
288,0.3103448275862069,0.6896551724137931
289,0.36363636363636365,0.6363636363636364
290,1.0,0.0
291,0.8928571428571429,0.10714285714285714
292,0.9,0.1
293,0.6666666666666666,0.3333333333333333
294,0.5769230769230769,0.4230769230769231
295,0.8620689655172413,0.13793103448275862
296,0.3333333333333333,0.6666666666666666
297,0.5454545454545454,0.45454545454545453
298,0.9090909090909091,0.09090909090909091
299,0.3103448275862069,0.6896551724137931
300,0.8108108108108109,0.1891891891891892
301,1.0,0.0
302,0.36363636363636365,0.6363636363636364
303,0.85,0.15
304,0.65,0.35
305,0.7352941176470589,0.2647058823529412
306,0.9666666666666667,0.03333333333333333
307,1.0,0.0
308,0.8095238095238095,0.19047619047619047
309,0.23809523809523808,0.7619047619047619
310,0.6666666666666666,0.3333333333333333
311,1.0,0.0
312,1.0,0.0
313,1.0,0.0
314,0.8108108108108109,0.1891891891891892
315,0.9,0.1
316,0.42105263157894735,0.5789473684210527
317,0.8076923076923077,0.19230769230769232
318,0.6666666666666666,0.3333333333333333
319,1.0,0.0
320,0.34285714285714286,0.6571428571428571
321,0.8055555555555556,0.19444444444444445
322,0.8108108108108109,0.1891891891891892
323,0.8709677419354839,0.12903225806451613
324,0.75,0.25
325,0.8695652173913043,0.13043478260869565
326,0.8095238095238095,0.19047619047619047
327,0.7619047619047619,0.23809523809523808
328,0.9285714285714286,0.07142857142857142
329,0.8846153846153846,0.11538461538461539
330,0.8695652173913043,0.13043478260869565
331,0.8620689655172413,0.13793103448275862
332,0.5833333333333334,0.4166666666666667
333,0.7916666666666666,0.20833333333333334
334,0.5454545454545454,0.45454545454545453
335,0.85,0.15
336,0.7916666666666666,0.20833333333333334
337,1.0,0.0
338,0.25,0.75
339,0.85,0.15
340,0.7619047619047619,0.23809523809523808
341,0.3103448275862069,0.6896551724137931
342,1.0,0.0
343,0.8571428571428571,0.14285714285714285
344,0.8571428571428571,0.14285714285714285
345,1.0,0.0
346,0.5769230769230769,0.4230769230769231
347,0.9583333333333334,0.041666666666666664
348,0.6,0.4
349,0.6818181818181818,0.3181818181818182
350,1.0,0.0
351,0.55,0.45
352,0.9166666666666666,0.08333333333333333
353,0.8709677419354839,0.12903225806451613
354,0.42105263157894735,0.5789473684210527
355,0.5238095238095238,0.47619047619047616
356,0.5925925925925926,0.4074074074074074
357,0.75,0.25
358,0.3103448275862069,0.6896551724137931
359,0.5217391304347826,0.4782608695652174
360,0.3103448275862069,0.6896551724137931
361,1.0,0.0
362,0.32142857142857145,0.6785714285714286
363,0.8055555555555556,0.19444444444444445
364,0.18181818181818182,0.8181818181818182
365,0.7619047619047619,0.23809523809523808
366,0.8076923076923077,0.19230769230769232
367,0.85,0.15
368,0.8709677419354839,0.12903225806451613
369,0.84,0.16
370,0.47619047619047616,0.5238095238095238
371,0.5238095238095238,0.47619047619047616
372,0.9545454545454546,0.045454545454545456
373,0.85,0.15
374,0.8108108108108109,0.1891891891891892
375,0.9,0.1
376,0.6,0.4
377,0.5217391304347826,0.4782608695652174
378,0.84,0.16
379,0.47619047619047616,0.5238095238095238
380,0.8108108108108109,0.1891891891891892
381,0.9666666666666667,0.03333333333333333
382,0.5652173913043478,0.43478260869565216
383,0.8333333333333334,0.16666666666666666
384,0.5925925925925926,0.4074074074074074
385,0.55,0.45
386,0.7916666666666666,0.20833333333333334
387,0.7619047619047619,0.23809523809523808
388,0.8181818181818182,0.18181818181818182
389,0.6190476190476191,0.38095238095238093
390,0.4594594594594595,0.5405405405405406
391,0.3103448275862069,0.6896551724137931
392,0.7,0.3
393,0.8928571428571429,0.10714285714285714
394,0.4594594594594595,0.5405405405405406
395,0.5,0.5
396,0.8205128205128205,0.1794871794871795
397,0.3448275862068966,0.6551724137931034
398,0.6,0.4
399,0.8571428571428571,0.14285714285714285
400,0.7931034482758621,0.20689655172413793
401,0.5,0.5
402,0.8620689655172413,0.13793103448275862
403,0.45,0.55
404,0.6190476190476191,0.38095238095238093
405,0.5925925925925926,0.4074074074074074
406,0.23809523809523808,0.7619047619047619
407,0.5454545454545454,0.45454545454545453
408,0.9583333333333334,0.041666666666666664
409,1.0,0.0
410,0.4594594594594595,0.5405405405405406
411,0.45,0.55
412,0.5909090909090909,0.4090909090909091
413,0.8108108108108109,0.1891891891891892
414,0.36363636363636365,0.6363636363636364
415,0.45161290322580644,0.5483870967741935
416,0.6818181818181818,0.3181818181818182
417,0.84,0.16
418,0.7352941176470589,0.2647058823529412
419,0.6129032258064516,0.3870967741935484
420,0.45,0.55
421,0.6129032258064516,0.3870967741935484
422,1.0,0.0
423,0.7619047619047619,0.23809523809523808
424,0.45,0.55
425,0.3448275862068966,0.6551724137931034
426,1.0,0.0
427,0.35,0.65
428,1.0,0.0
429,0.9285714285714286,0.07142857142857142
430,0.9285714285714286,0.07142857142857142
431,0.8695652173913043,0.13043478260869565
432,0.7,0.3
433,0.7352941176470589,0.2647058823529412
434,0.47619047619047616,0.5238095238095238
435,0.8095238095238095,0.19047619047619047
436,0.6774193548387096,0.3225806451612903
437,0.36363636363636365,0.6363636363636364
438,0.6,0.4
439,0.30434782608695654,0.6956521739130435
440,0.5,0.5
441,0.8181818181818182,0.18181818181818182
442,0.6774193548387096,0.3225806451612903
443,0.9545454545454546,0.045454545454545456
444,0.3448275862068966,0.6551724137931034
445,0.9545454545454546,0.045454545454545456
446,0.5769230769230769,0.4230769230769231
447,1.0,0.0
448,0.8333333333333334,0.16666666666666666
449,1.0,0.0
450,0.75,0.25
451,0.5217391304347826,0.4782608695652174
452,0.6,0.4
453,0.8709677419354839,0.12903225806451613
454,1.0,0.0
455,0.7352941176470589,0.2647058823529412
456,0.5,0.5
457,0.5909090909090909,0.4090909090909091
458,0.9,0.1
459,0.85,0.15
460,0.7352941176470589,0.2647058823529412
461,0.36363636363636365,0.6363636363636364
462,0.7352941176470589,0.2647058823529412
463,0.5652173913043478,0.43478260869565216
464,0.6190476190476191,0.38095238095238093
465,0.42105263157894735,0.5789473684210527
466,1.0,0.0
467,1.0,0.0
468,0.5652173913043478,0.43478260869565216
469,1.0,0.0
470,0.75,0.25
471,1.0,0.0
472,0.9545454545454546,0.045454545454545456
473,1.0,0.0
474,0.8709677419354839,0.12903225806451613
475,0.65,0.35
476,0.75,0.25
477,0.9666666666666667,0.03333333333333333
478,0.6,0.4
479,0.9583333333333334,0.041666666666666664
480,0.9545454545454546,0.045454545454545456
481,0.4473684210526316,0.5526315789473685
482,0.7619047619047619,0.23809523809523808
483,0.84,0.16
484,0.7,0.3
485,0.84,0.16
486,0.5217391304347826,0.4782608695652174
487,0.4642857142857143,0.5357142857142857
488,1.0,0.0
489,0.36363636363636365,0.6363636363636364
490,0.84,0.16
491,0.5,0.5
492,1.0,0.0
493,0.45,0.55
494,0.5652173913043478,0.43478260869565216
495,0.6,0.4
496,0.7352941176470589,0.2647058823529412
497,0.8108108108108109,0.1891891891891892
498,0.8620689655172413,0.13793103448275862
499,1.0,0.0
500,0.8064516129032258,0.1935483870967742
501,0.8125,0.1875
502,0.6190476190476191,0.38095238095238093
503,0.8571428571428571,0.14285714285714285
504,0.42105263157894735,0.5789473684210527
505,0.75,0.25
506,0.8620689655172413,0.13793103448275862
507,0.2222222222222222,0.7777777777777778
508,0.36363636363636365,0.6363636363636364
509,0.23809523809523808,0.7619047619047619
510,1.0,0.0
511,0.9285714285714286,0.07142857142857142
512,0.18181818181818182,0.8181818181818182
513,0.6956521739130435,0.30434782608695654
514,0.8709677419354839,0.12903225806451613
515,0.6818181818181818,0.3181818181818182
516,1.0,0.0
517,0.3333333333333333,0.6666666666666666
518,0.6774193548387096,0.3225806451612903
519,0.45,0.55
520,0.5806451612903226,0.41935483870967744
521,0.8108108108108109,0.1891891891891892
522,0.5238095238095238,0.47619047619047616
523,0.2222222222222222,0.7777777777777778
524,0.8709677419354839,0.12903225806451613
525,0.9,0.1
526,1.0,0.0
527,0.6774193548387096,0.3225806451612903
528,1.0,0.0
529,0.5217391304347826,0.4782608695652174
530,0.4473684210526316,0.5526315789473685
531,0.5454545454545454,0.45454545454545453
532,0.18181818181818182,0.8181818181818182
533,0.8571428571428571,0.14285714285714285
534,0.6190476190476191,0.38095238095238093
535,1.0,0.0
536,0.5217391304347826,0.4782608695652174
537,0.36363636363636365,0.6363636363636364
538,0.8709677419354839,0.12903225806451613
539,0.85,0.15
540,0.5454545454545454,0.45454545454545453
541,1.0,0.0
542,0.7619047619047619,0.23809523809523808
543,0.75,0.25
544,0.8695652173913043,0.13043478260869565
545,0.75,0.25
546,0.5806451612903226,0.41935483870967744
547,0.45,0.55
548,0.5555555555555556,0.4444444444444444
549,0.35,0.65
550,0.5217391304347826,0.4782608695652174
551,0.7272727272727273,0.2727272727272727
552,0.7619047619047619,0.23809523809523808
553,0.7931034482758621,0.20689655172413793
554,0.85,0.15
555,0.23809523809523808,0.7619047619047619
556,0.5,0.5
557,0.6190476190476191,0.38095238095238093
558,0.8695652173913043,0.13043478260869565
559,0.4473684210526316,0.5526315789473685
560,0.65,0.35
561,0.7352941176470589,0.2647058823529412
562,0.2894736842105263,0.7105263157894737
563,0.7931034482758621,0.20689655172413793
564,0.8666666666666667,0.13333333333333333
565,0.84,0.16
566,0.9696969696969697,0.030303030303030304
567,0.8666666666666667,0.13333333333333333
568,0.5833333333333334,0.4166666666666667
569,1.0,0.0
570,0.3448275862068966,0.6551724137931034
571,0.7,0.3
572,0.5882352941176471,0.4117647058823529
573,0.4594594594594595,0.5405405405405406
574,0.7352941176470589,0.2647058823529412
575,0.3448275862068966,0.6551724137931034
576,0.5652173913043478,0.43478260869565216
577,0.85,0.15
578,0.30434782608695654,0.6956521739130435
579,0.6774193548387096,0.3225806451612903
580,0.5,0.5
581,0.2222222222222222,0.7777777777777778
582,0.4594594594594595,0.5405405405405406
583,0.4,0.6
584,0.8125,0.1875
585,1.0,0.0
586,0.3103448275862069,0.6896551724137931
587,0.9666666666666667,0.03333333333333333
588,0.8076923076923077,0.19230769230769232
589,0.36363636363636365,0.6363636363636364
590,0.18181818181818182,0.8181818181818182
591,0.5769230769230769,0.4230769230769231
592,0.4594594594594595,0.5405405405405406
593,0.42105263157894735,0.5789473684210527
594,0.30434782608695654,0.6956521739130435
595,1.0,0.0
596,0.6818181818181818,0.3181818181818182
597,0.5454545454545454,0.45454545454545453
598,0.5833333333333334,0.4166666666666667
599,0.8333333333333334,0.16666666666666666
600,0.8205128205128205,0.1794871794871795
601,0.3448275862068966,0.6551724137931034
602,0.6,0.4
603,0.6,0.4
604,0.8205128205128205,0.1794871794871795
605,0.4642857142857143,0.5357142857142857
606,1.0,0.0
607,0.5,0.5
608,1.0,0.0
609,0.3103448275862069,0.6896551724137931
610,0.8571428571428571,0.14285714285714285
611,0.6190476190476191,0.38095238095238093
612,1.0,0.0
613,0.8125,0.1875
614,0.36363636363636365,0.6363636363636364
615,0.8125,0.1875
616,0.6129032258064516,0.3870967741935484
617,0.8125,0.1875
618,1.0,0.0
619,0.8205128205128205,0.1794871794871795
620,0.32142857142857145,0.6785714285714286
621,0.7727272727272727,0.22727272727272727
622,0.7352941176470589,0.2647058823529412
623,0.7352941176470589,0.2647058823529412
624,0.5,0.5
625,0.9545454545454546,0.045454545454545456
626,0.32142857142857145,0.6785714285714286
627,0.8695652173913043,0.13043478260869565
628,1.0,0.0
629,1.0,0.0
630,0.5909090909090909,0.4090909090909091
631,0.8205128205128205,0.1794871794871795
632,0.8695652173913043,0.13043478260869565
633,0.9666666666666667,0.03333333333333333
634,0.9666666666666667,0.03333333333333333
635,1.0,0.0
636,0.8709677419354839,0.12903225806451613
637,0.9,0.1
638,0.6190476190476191,0.38095238095238093
639,0.7352941176470589,0.2647058823529412
640,0.8064516129032258,0.1935483870967742
641,1.0,0.0
642,0.8666666666666667,0.13333333333333333
643,0.8076923076923077,0.19230769230769232
644,0.8620689655172413,0.13793103448275862
645,0.95,0.05
646,0.8709677419354839,0.12903225806451613
647,0.3225806451612903,0.6774193548387096
648,0.6774193548387096,0.3225806451612903
649,0.11538461538461539,0.8846153846153846
650,0.47619047619047616,0.5238095238095238
651,1.0,0.0
652,0.4,0.6
653,0.11538461538461539,0.8846153846153846
654,0.4230769230769231,0.5769230769230769
655,0.45454545454545453,0.5454545454545454
656,0.45454545454545453,0.5454545454545454
657,0.3225806451612903,0.6774193548387096
658,0.45454545454545453,0.5454545454545454
659,0.11538461538461539,0.8846153846153846
660,0.2222222222222222,0.7777777777777778
661,0.7619047619047619,0.23809523809523808
662,0.85,0.15
663,0.36363636363636365,0.6363636363636364
664,0.9285714285714286,0.07142857142857142
665,0.6774193548387096,0.3225806451612903
666,0.8108108108108109,0.1891891891891892
667,0.4230769230769231,0.5769230769230769
668,0.3225806451612903,0.6774193548387096
669,0.3225806451612903,0.6774193548387096
670,0.9565217391304348,0.043478260869565216
671,0.8695652173913043,0.13043478260869565
672,1.0,0.0
673,0.9,0.1
674,0.11538461538461539,0.8846153846153846
675,0.6774193548387096,0.3225806451612903
676,0.45454545454545453,0.5454545454545454
677,0.45454545454545453,0.5454545454545454
678,0.9,0.1
679,0.11538461538461539,0.8846153846153846
680,0.6774193548387096,0.3225806451612903
681,0.8125,0.1875
682,0.7916666666666666,0.20833333333333334
683,0.85,0.15
684,0.45454545454545453,0.5454545454545454
685,0.23809523809523808,0.7619047619047619
686,0.9565217391304348,0.043478260869565216
687,0.3225806451612903,0.6774193548387096
688,0.45454545454545453,0.5454545454545454
689,0.4594594594594595,0.5405405405405406
690,0.7,0.3
691,0.45454545454545453,0.5454545454545454
692,0.45454545454545453,0.5454545454545454
693,0.42105263157894735,0.5789473684210527
694,0.3225806451612903,0.6774193548387096
695,0.4594594594594595,0.5405405405405406
696,0.8709677419354839,0.12903225806451613
697,0.23809523809523808,0.7619047619047619
698,0.30434782608695654,0.6956521739130435
699,0.4230769230769231,0.5769230769230769
700,0.2894736842105263,0.7105263157894737
701,0.3225806451612903,0.6774193548387096
702,0.3103448275862069,0.6896551724137931
703,0.7,0.3
704,1.0,0.0
705,0.45454545454545453,0.5454545454545454
706,0.4230769230769231,0.5769230769230769
707,0.45454545454545453,0.5454545454545454
708,0.8076923076923077,0.19230769230769232
709,0.45454545454545453,0.5454545454545454
710,0.7,0.3
711,0.4230769230769231,0.5769230769230769
712,0.5882352941176471,0.4117647058823529
713,0.7931034482758621,0.20689655172413793
714,0.5,0.5
715,0.7619047619047619,0.23809523809523808
716,0.8181818181818182,0.18181818181818182
717,0.32,0.68
718,0.8928571428571429,0.10714285714285714
719,0.6818181818181818,0.3181818181818182
720,0.3225806451612903,0.6774193548387096
721,0.45,0.55
722,0.45454545454545453,0.5454545454545454
723,0.4230769230769231,0.5769230769230769
724,0.5882352941176471,0.4117647058823529
725,0.2894736842105263,0.7105263157894737
726,0.11538461538461539,0.8846153846153846
727,0.3225806451612903,0.6774193548387096
728,0.45454545454545453,0.5454545454545454
729,0.45161290322580644,0.5483870967741935
730,0.5,0.5
731,0.5925925925925926,0.4074074074074074
732,0.4642857142857143,0.5357142857142857
733,0.9090909090909091,0.09090909090909091
734,0.8846153846153846,0.11538461538461539
735,0.23809523809523808,0.7619047619047619
736,0.9,0.1
737,1.0,0.0
738,0.7352941176470589,0.2647058823529412
739,0.6666666666666666,0.3333333333333333
740,0.6,0.4
741,0.5882352941176471,0.4117647058823529
742,0.6521739130434783,0.34782608695652173
743,0.8571428571428571,0.14285714285714285
744,0.07692307692307693,0.9230769230769231
745,0.5769230769230769,0.4230769230769231
746,0.3333333333333333,0.6666666666666666
747,1.0,0.0
748,0.8064516129032258,0.1935483870967742
749,0.7916666666666666,0.20833333333333334
750,0.5833333333333334,0.4166666666666667
751,0.5714285714285714,0.42857142857142855
752,0.18181818181818182,0.8181818181818182
753,0.6956521739130435,0.30434782608695654
754,0.84,0.16
755,0.6190476190476191,0.38095238095238093
756,0.8108108108108109,0.1891891891891892
757,0.8695652173913043,0.13043478260869565
758,1.0,0.0
759,0.7916666666666666,0.20833333333333334
760,0.9583333333333334,0.041666666666666664
761,0.45454545454545453,0.5454545454545454
762,0.6190476190476191,0.38095238095238093
763,0.5833333333333334,0.4166666666666667
764,0.8928571428571429,0.10714285714285714
765,1.0,0.0
766,0.9,0.1
767,0.95,0.05
768,0.5925925925925926,0.4074074074074074
769,0.8125,0.1875
770,0.6190476190476191,0.38095238095238093
771,0.9,0.1
772,0.84,0.16
773,0.4594594594594595,0.5405405405405406
774,0.9,0.1
775,1.0,0.0
776,0.9090909090909091,0.09090909090909091
777,0.45,0.55
778,0.2222222222222222,0.7777777777777778
779,0.6818181818181818,0.3181818181818182
780,0.8695652173913043,0.13043478260869565
781,0.4594594594594595,0.5405405405405406
782,0.2222222222222222,0.7777777777777778
783,0.34285714285714286,0.6571428571428571
784,0.8928571428571429,0.10714285714285714
785,0.5925925925925926,0.4074074074074074
786,0.4594594594594595,0.5405405405405406
787,0.30434782608695654,0.6956521739130435
788,0.30434782608695654,0.6956521739130435
789,0.8181818181818182,0.18181818181818182
790,0.36363636363636365,0.6363636363636364
791,0.42105263157894735,0.5789473684210527
792,0.8108108108108109,0.1891891891891892
793,0.6190476190476191,0.38095238095238093
794,0.7,0.3
795,0.5806451612903226,0.41935483870967744
796,0.5833333333333334,0.4166666666666667
797,0.75,0.25
798,0.8846153846153846,0.11538461538461539
799,0.5806451612903226,0.41935483870967744
800,0.8181818181818182,0.18181818181818182
801,0.9285714285714286,0.07142857142857142
802,0.9565217391304348,0.043478260869565216
803,1.0,0.0
804,0.8695652173913043,0.13043478260869565
805,0.36363636363636365,0.6363636363636364
806,0.18181818181818182,0.8181818181818182
807,0.8125,0.1875
808,0.42105263157894735,0.5789473684210527
809,0.7,0.3
810,1.0,0.0
811,0.36363636363636365,0.6363636363636364
812,1.0,0.0
813,0.36363636363636365,0.6363636363636364
814,0.4594594594594595,0.5405405405405406
815,0.7727272727272727,0.22727272727272727
816,0.7619047619047619,0.23809523809523808
817,0.7,0.3
818,0.5652173913043478,0.43478260869565216
819,0.45,0.55
820,1.0,0.0
821,0.7931034482758621,0.20689655172413793
822,0.8846153846153846,0.11538461538461539
823,1.0,0.0
824,0.8666666666666667,0.13333333333333333
825,0.36363636363636365,0.6363636363636364
826,0.4594594594594595,0.5405405405405406
827,0.4594594594594595,0.5405405405405406
828,0.7619047619047619,0.23809523809523808
829,0.8571428571428571,0.14285714285714285
830,0.6774193548387096,0.3225806451612903
831,0.36363636363636365,0.6363636363636364
832,1.0,0.0
833,0.6,0.4
834,0.4,0.6
835,0.9,0.1
836,0.8695652173913043,0.13043478260869565
837,0.3103448275862069,0.6896551724137931
838,0.4594594594594595,0.5405405405405406
839,0.8181818181818182,0.18181818181818182
840,0.2222222222222222,0.7777777777777778
841,0.6,0.4
842,0.42105263157894735,0.5789473684210527
843,0.4473684210526316,0.5526315789473685
844,0.9,0.1
845,0.10344827586206896,0.896551724137931
846,0.32,0.68
847,0.7,0.3
848,1.0,0.0
849,0.3333333333333333,0.6666666666666666
850,0.9285714285714286,0.07142857142857142
851,0.8064516129032258,0.1935483870967742
852,1.0,0.0
853,1.0,0.0
854,0.85,0.15
855,0.5925925925925926,0.4074074074074074
856,0.6818181818181818,0.3181818181818182
857,1.0,0.0
858,0.5882352941176471,0.4117647058823529
859,0.23809523809523808,0.7619047619047619
860,0.85,0.15
861,0.5454545454545454,0.45454545454545453
862,1.0,0.0
863,0.9,0.1
864,0.85,0.15
865,0.45,0.55
866,0.75,0.25
867,0.75,0.25
868,1.0,0.0
869,0.42105263157894735,0.5789473684210527
870,0.9285714285714286,0.07142857142857142
871,0.85,0.15
872,0.7,0.3
873,0.32,0.68
874,0.6129032258064516,0.3870967741935484
875,0.3448275862068966,0.6551724137931034
876,0.7931034482758621,0.20689655172413793
877,0.75,0.25
878,0.7931034482758621,0.20689655172413793
879,1.0,0.0
880,0.8620689655172413,0.13793103448275862
881,0.3448275862068966,0.6551724137931034
882,0.2222222222222222,0.7777777777777778
883,1.0,0.0
884,0.8571428571428571,0.14285714285714285
885,0.7931034482758621,0.20689655172413793
886,1.0,0.0
887,0.3103448275862069,0.6896551724137931
888,1.0,0.0
889,1.0,0.0
890,0.8333333333333334,0.16666666666666666
891,0.4,0.6
892,0.36363636363636365,0.6363636363636364
893,0.84,0.16
894,1.0,0.0
895,0.7352941176470589,0.2647058823529412
896,0.8205128205128205,0.1794871794871795
897,0.36363636363636365,0.6363636363636364
898,0.84,0.16
899,0.7931034482758621,0.20689655172413793
900,0.8064516129032258,0.1935483870967742
901,1.0,0.0
902,0.35,0.65
903,0.36363636363636365,0.6363636363636364
904,0.45,0.55
905,0.75,0.25
906,1.0,0.0
907,0.36363636363636365,0.6363636363636364
908,1.0,0.0
909,0.6,0.4
910,0.8095238095238095,0.19047619047619047
911,0.7619047619047619,0.23809523809523808
912,0.45,0.55
913,0.8125,0.1875
914,1.0,0.0
915,1.0,0.0
916,1.0,0.0
917,0.6774193548387096,0.3225806451612903
918,0.5,0.5
919,1.0,0.0
920,1.0,0.0
921,0.36363636363636365,0.6363636363636364
922,0.8695652173913043,0.13043478260869565
923,1.0,0.0
924,0.3,0.7
925,0.23809523809523808,0.7619047619047619
926,0.6129032258064516,0.3870967741935484
927,0.7,0.3
928,0.9696969696969697,0.030303030303030304
929,0.65,0.35
930,0.18181818181818182,0.8181818181818182
931,0.5454545454545454,0.45454545454545453
932,0.36363636363636365,0.6363636363636364
933,0.45,0.55
934,1.0,0.0
935,0.75,0.25
936,0.6190476190476191,0.38095238095238093
937,0.2222222222222222,0.7777777777777778
938,0.8181818181818182,0.18181818181818182
939,1.0,0.0
940,0.5806451612903226,0.41935483870967744
941,0.4,0.6
942,1.0,0.0
943,0.16666666666666666,0.8333333333333334
944,0.9696969696969697,0.030303030303030304
945,0.6521739130434783,0.34782608695652173
946,0.5,0.5
947,0.9696969696969697,0.030303030303030304
948,0.9,0.1
949,0.4642857142857143,0.5357142857142857
950,0.5833333333333334,0.4166666666666667
951,0.5833333333333334,0.4166666666666667
952,0.8695652173913043,0.13043478260869565
953,0.8125,0.1875
954,1.0,0.0
955,0.7727272727272727,0.22727272727272727
956,0.4473684210526316,0.5526315789473685
957,0.4230769230769231,0.5769230769230769
958,1.0,0.0
959,1.0,0.0
960,1.0,0.0
961,0.6774193548387096,0.3225806451612903
962,0.6129032258064516,0.3870967741935484
963,0.16666666666666666,0.8333333333333334
964,0.5714285714285714,0.42857142857142855
965,1.0,0.0
966,1.0,0.0
967,0.4594594594594595,0.5405405405405406
968,0.9285714285714286,0.07142857142857142
969,0.6774193548387096,0.3225806451612903
970,0.5925925925925926,0.4074074074074074
971,0.6774193548387096,0.3225806451612903
972,1.0,0.0
973,0.5925925925925926,0.4074074074074074
974,0.6,0.4
975,0.6956521739130435,0.30434782608695654
976,0.6129032258064516,0.3870967741935484
977,0.75,0.25
978,1.0,0.0
979,0.4,0.6
980,0.8571428571428571,0.14285714285714285
981,0.2222222222222222,0.7777777777777778
982,0.65,0.35
983,0.4,0.6
984,0.23809523809523808,0.7619047619047619
985,0.8571428571428571,0.14285714285714285
986,0.7,0.3
987,0.18181818181818182,0.8181818181818182
988,0.8095238095238095,0.19047619047619047
989,0.7619047619047619,0.23809523809523808
990,0.7352941176470589,0.2647058823529412
991,0.07692307692307693,0.9230769230769231
992,0.8055555555555556,0.19444444444444445
993,0.2894736842105263,0.7105263157894737
994,0.36363636363636365,0.6363636363636364
995,0.6190476190476191,0.38095238095238093
996,0.45454545454545453,0.5454545454545454
997,0.8571428571428571,0.14285714285714285
998,0.75,0.25
999,0.5454545454545454,0.45454545454545453
1000,0.36363636363636365,0.6363636363636364
1001,0.5882352941176471,0.4117647058823529
1002,1.0,0.0
1003,0.8055555555555556,0.19444444444444445
1004,0.5454545454545454,0.45454545454545453
1005,0.32,0.68
1006,0.3448275862068966,0.6551724137931034
1007,0.4594594594594595,0.5405405405405406
1008,0.8181818181818182,0.18181818181818182
1009,0.36363636363636365,0.6363636363636364
1010,0.9696969696969697,0.030303030303030304
1011,0.6190476190476191,0.38095238095238093
1012,0.8846153846153846,0.11538461538461539
1013,1.0,0.0
1014,0.3103448275862069,0.6896551724137931
1015,0.5454545454545454,0.45454545454545453
1016,0.8695652173913043,0.13043478260869565
1017,0.8846153846153846,0.11538461538461539
1018,1.0,0.0
1019,0.6,0.4
1020,0.8125,0.1875
1021,0.3448275862068966,0.6551724137931034
1022,0.85,0.15
1023,0.85,0.15
1024,0.2894736842105263,0.7105263157894737
1025,0.8709677419354839,0.12903225806451613
1026,0.6521739130434783,0.34782608695652173
1027,1.0,0.0
1028,0.9545454545454546,0.045454545454545456
1029,0.95,0.05
1030,0.65,0.35
1031,0.9583333333333334,0.041666666666666664
1032,0.4473684210526316,0.5526315789473685
1033,0.8333333333333334,0.16666666666666666
1034,0.9,0.1
1035,0.2894736842105263,0.7105263157894737
1036,1.0,0.0
1037,0.6,0.4
1038,0.7714285714285715,0.22857142857142856
1039,0.8055555555555556,0.19444444444444445
1040,0.6129032258064516,0.3870967741935484
1041,0.4594594594594595,0.5405405405405406
1042,0.45454545454545453,0.5454545454545454
1043,0.5238095238095238,0.47619047619047616
1044,0.85,0.15
1045,0.9285714285714286,0.07142857142857142
1046,0.84,0.16
1047,0.55,0.45
1048,0.6818181818181818,0.3181818181818182
1049,0.9696969696969697,0.030303030303030304
1050,0.95,0.05
1051,0.18181818181818182,0.8181818181818182
1052,0.7352941176470589,0.2647058823529412
1053,0.8205128205128205,0.1794871794871795
1054,0.9285714285714286,0.07142857142857142
1055,0.8205128205128205,0.1794871794871795
1056,0.32,0.68
1057,0.7714285714285715,0.22857142857142856
1058,1.0,0.0
1059,0.6,0.4
1060,0.18181818181818182,0.8181818181818182
1061,1.0,0.0
1062,0.8333333333333334,0.16666666666666666
1063,1.0,0.0
1064,0.7352941176470589,0.2647058823529412
1065,0.5769230769230769,0.4230769230769231
1066,1.0,0.0
1067,0.6521739130434783,0.34782608695652173
1068,0.8709677419354839,0.12903225806451613
1069,0.7714285714285715,0.22857142857142856
1070,0.8695652173913043,0.13043478260869565
1071,0.6818181818181818,0.3181818181818182
1072,0.32142857142857145,0.6785714285714286
1073,1.0,0.0
1074,0.18181818181818182,0.8181818181818182
1075,0.6190476190476191,0.38095238095238093
1076,0.30434782608695654,0.6956521739130435
1077,0.9090909090909091,0.09090909090909091
1078,0.11538461538461539,0.8846153846153846
1079,0.7,0.3
1080,1.0,0.0
1081,0.18181818181818182,0.8181818181818182
1082,0.45161290322580644,0.5483870967741935
1083,0.34285714285714286,0.6571428571428571
1084,0.18181818181818182,0.8181818181818182
1085,0.7352941176470589,0.2647058823529412
1086,0.3103448275862069,0.6896551724137931
1087,0.34285714285714286,0.6571428571428571
1088,0.42105263157894735,0.5789473684210527
1089,0.7,0.3
1090,0.5555555555555556,0.4444444444444444
1091,0.6521739130434783,0.34782608695652173
1092,0.4594594594594595,0.5405405405405406
1093,0.85,0.15
1094,0.34285714285714286,0.6571428571428571
1095,1.0,0.0
1096,0.5882352941176471,0.4117647058823529
1097,0.9583333333333334,0.041666666666666664
1098,0.65,0.35
1099,0.5555555555555556,0.4444444444444444
1100,0.3333333333333333,0.6666666666666666
1101,0.18181818181818182,0.8181818181818182
1102,0.75,0.25
1103,0.2222222222222222,0.7777777777777778
1104,0.3103448275862069,0.6896551724137931
1105,0.34285714285714286,0.6571428571428571
1106,0.4,0.6
1107,0.6,0.4
1108,0.7,0.3
1109,0.5555555555555556,0.4444444444444444
1110,0.8205128205128205,0.1794871794871795
1111,0.8333333333333334,0.16666666666666666
1112,0.18181818181818182,0.8181818181818182
1113,0.18181818181818182,0.8181818181818182
1114,0.23809523809523808,0.7619047619047619
1115,0.35,0.65
1116,0.34285714285714286,0.6571428571428571
1117,0.6190476190476191,0.38095238095238093
1118,0.18181818181818182,0.8181818181818182
1119,0.34285714285714286,0.6571428571428571
1120,0.32142857142857145,0.6785714285714286
1121,0.85,0.15
1122,0.7,0.3
1123,0.34285714285714286,0.6571428571428571
1124,0.18181818181818182,0.8181818181818182
1125,0.8709677419354839,0.12903225806451613
1126,0.8333333333333334,0.16666666666666666
1127,0.3333333333333333,0.6666666666666666
1128,0.16666666666666666,0.8333333333333334
1129,0.7,0.3
1130,0.8846153846153846,0.11538461538461539
1131,0.4642857142857143,0.5357142857142857
1132,0.6818181818181818,0.3181818181818182
1133,0.18181818181818182,0.8181818181818182
1134,0.18181818181818182,0.8181818181818182
1135,0.18181818181818182,0.8181818181818182
1136,0.6774193548387096,0.3225806451612903
1137,1.0,0.0
1138,1.0,0.0
1139,0.5555555555555556,0.4444444444444444
1140,0.2222222222222222,0.7777777777777778
1141,0.7352941176470589,0.2647058823529412
1142,0.7931034482758621,0.20689655172413793
1143,0.84,0.16
1144,0.5882352941176471,0.4117647058823529
1145,0.8695652173913043,0.13043478260869565
1146,0.34285714285714286,0.6571428571428571
1147,0.5555555555555556,0.4444444444444444
1148,0.18181818181818182,0.8181818181818182
1149,0.42105263157894735,0.5789473684210527
1150,0.8205128205128205,0.1794871794871795
1151,0.5925925925925926,0.4074074074074074
1152,0.23809523809523808,0.7619047619047619
1153,0.7272727272727273,0.2727272727272727
1154,0.3448275862068966,0.6551724137931034
1155,0.7727272727272727,0.22727272727272727
1156,1.0,0.0
1157,0.5925925925925926,0.4074074074074074
1158,0.3333333333333333,0.6666666666666666
1159,0.6774193548387096,0.3225806451612903
1160,0.9565217391304348,0.043478260869565216
1161,0.2222222222222222,0.7777777777777778
1162,0.34285714285714286,0.6571428571428571
1163,0.8709677419354839,0.12903225806451613
1164,0.5714285714285714,0.42857142857142855
1165,1.0,0.0
1166,0.47619047619047616,0.5238095238095238
1167,0.5714285714285714,0.42857142857142855
1168,0.8055555555555556,0.19444444444444445
1169,1.0,0.0
1170,0.10344827586206896,0.896551724137931
1171,0.5833333333333334,0.4166666666666667
1172,0.8205128205128205,0.1794871794871795
1173,0.45,0.55
1174,0.9696969696969697,0.030303030303030304
1175,0.7714285714285715,0.22857142857142856
1176,0.5652173913043478,0.43478260869565216
1177,0.85,0.15
1178,0.5238095238095238,0.47619047619047616
1179,0.7714285714285715,0.22857142857142856
1180,0.6521739130434783,0.34782608695652173
1181,0.9,0.1
1182,0.5833333333333334,0.4166666666666667
1183,0.5,0.5
1184,0.3225806451612903,0.6774193548387096
1185,0.7714285714285715,0.22857142857142856
1186,0.5925925925925926,0.4074074074074074
1187,0.5882352941176471,0.4117647058823529
1188,0.65,0.35
1189,0.10344827586206896,0.896551724137931
1190,0.6,0.4
1191,0.6521739130434783,0.34782608695652173
1192,1.0,0.0
1193,0.2894736842105263,0.7105263157894737
1194,0.7714285714285715,0.22857142857142856
1195,0.6129032258064516,0.3870967741935484
1196,0.6,0.4
1197,0.8181818181818182,0.18181818181818182
1198,0.3225806451612903,0.6774193548387096
1199,0.6521739130434783,0.34782608695652173
1200,0.42857142857142855,0.5714285714285714
1201,0.4,0.6
1202,0.07692307692307693,0.9230769230769231
1203,0.9696969696969697,0.030303030303030304
1204,0.5217391304347826,0.4782608695652174
1205,0.8095238095238095,0.19047619047619047
1206,0.32,0.68
1207,0.65,0.35
1208,0.6,0.4
1209,0.7714285714285715,0.22857142857142856
1210,0.45454545454545453,0.5454545454545454
1211,1.0,0.0
1212,0.7931034482758621,0.20689655172413793
1213,0.42857142857142855,0.5714285714285714
1214,0.30303030303030304,0.696969696969697
1215,0.42857142857142855,0.5714285714285714
1216,0.3448275862068966,0.6551724137931034
1217,0.30303030303030304,0.696969696969697
1218,0.7916666666666666,0.20833333333333334
1219,0.2222222222222222,0.7777777777777778
1220,0.84,0.16
1221,0.7916666666666666,0.20833333333333334
1222,0.8846153846153846,0.11538461538461539
1223,0.8064516129032258,0.1935483870967742
1224,0.36363636363636365,0.6363636363636364
1225,0.5925925925925926,0.4074074074074074
1226,1.0,0.0
1227,1.0,0.0
1228,0.8108108108108109,0.1891891891891892
1229,0.6818181818181818,0.3181818181818182
1230,0.5833333333333334,0.4166666666666667
1231,1.0,0.0
1232,0.5555555555555556,0.4444444444444444
1233,0.36363636363636365,0.6363636363636364
1234,0.8125,0.1875
1235,1.0,0.0
1236,1.0,0.0
1237,0.6,0.4
1238,1.0,0.0
1239,0.4594594594594595,0.5405405405405406
1240,0.8709677419354839,0.12903225806451613
1241,0.9090909090909091,0.09090909090909091
1242,0.36363636363636365,0.6363636363636364
1243,0.8620689655172413,0.13793103448275862
1244,0.8125,0.1875
1245,0.8928571428571429,0.10714285714285714
1246,0.6956521739130435,0.30434782608695654
1247,0.8571428571428571,0.14285714285714285
1248,1.0,0.0
1249,0.6521739130434783,0.34782608695652173
1250,0.75,0.25
1251,0.34285714285714286,0.6571428571428571
1252,0.6,0.4
1253,1.0,0.0
1254,0.7352941176470589,0.2647058823529412
1255,0.5,0.5
1256,0.16666666666666666,0.8333333333333334
1257,0.75,0.25
1258,0.5652173913043478,0.43478260869565216
1259,0.4594594594594595,0.5405405405405406
1260,0.5882352941176471,0.4117647058823529
1261,0.6190476190476191,0.38095238095238093
1262,0.85,0.15
1263,0.42105263157894735,0.5789473684210527
1264,0.7931034482758621,0.20689655172413793
1265,0.8846153846153846,0.11538461538461539
1266,1.0,0.0
1267,0.85,0.15
1268,1.0,0.0
1269,0.6190476190476191,0.38095238095238093
1270,0.9583333333333334,0.041666666666666664
1271,0.9545454545454546,0.045454545454545456
1272,0.5882352941176471,0.4117647058823529
1273,0.6774193548387096,0.3225806451612903
1274,0.35,0.65
1275,1.0,0.0
1276,0.3333333333333333,0.6666666666666666
1277,0.6,0.4
1278,0.34285714285714286,0.6571428571428571
1279,0.84,0.16
1280,0.5555555555555556,0.4444444444444444
1281,0.5925925925925926,0.4074074074074074
1282,0.6521739130434783,0.34782608695652173
1283,0.3333333333333333,0.6666666666666666
1284,0.8695652173913043,0.13043478260869565
1285,0.5925925925925926,0.4074074074074074
1286,0.32142857142857145,0.6785714285714286
1287,0.9166666666666666,0.08333333333333333
1288,0.6129032258064516,0.3870967741935484
1289,0.8205128205128205,0.1794871794871795
1290,0.8571428571428571,0.14285714285714285
1291,1.0,0.0
1292,0.8928571428571429,0.10714285714285714
1293,0.9285714285714286,0.07142857142857142
1294,0.6666666666666666,0.3333333333333333
1295,0.5882352941176471,0.4117647058823529
1296,0.34285714285714286,0.6571428571428571
1297,1.0,0.0
1298,0.3333333333333333,0.6666666666666666
1299,0.18181818181818182,0.8181818181818182
1300,0.8709677419354839,0.12903225806451613
1301,0.7931034482758621,0.20689655172413793
1302,0.35,0.65
1303,0.8333333333333334,0.16666666666666666
1304,0.55,0.45
1305,1.0,0.0
1306,0.34285714285714286,0.6571428571428571
1307,0.9,0.1
1308,0.8846153846153846,0.11538461538461539
1309,0.7619047619047619,0.23809523809523808
1310,0.18181818181818182,0.8181818181818182
1311,0.32,0.68
1312,0.10344827586206896,0.896551724137931
1313,0.5925925925925926,0.4074074074074074
1314,0.8055555555555556,0.19444444444444445
1315,0.7931034482758621,0.20689655172413793
1316,0.36363636363636365,0.6363636363636364
1317,1.0,0.0
1318,0.34285714285714286,0.6571428571428571
1319,0.5,0.5
1320,0.5,0.5
1321,0.4473684210526316,0.5526315789473685
1322,0.8108108108108109,0.1891891891891892
1323,1.0,0.0
1324,0.9285714285714286,0.07142857142857142
1325,0.8571428571428571,0.14285714285714285
1326,0.32142857142857145,0.6785714285714286
1327,1.0,0.0
1328,0.35,0.65
1329,1.0,0.0
1330,1.0,0.0
1331,0.5,0.5
1332,0.34285714285714286,0.6571428571428571
1333,0.5555555555555556,0.4444444444444444
1334,0.8205128205128205,0.1794871794871795
1335,1.0,0.0
1336,0.9583333333333334,0.041666666666666664
1337,0.75,0.25
1338,0.5555555555555556,0.4444444444444444
1339,0.7619047619047619,0.23809523809523808
1340,1.0,0.0
1341,0.84,0.16
1342,0.42105263157894735,0.5789473684210527
1343,0.85,0.15
1344,0.32142857142857145,0.6785714285714286
1345,0.6774193548387096,0.3225806451612903
1346,0.8695652173913043,0.13043478260869565
1347,0.8076923076923077,0.19230769230769232
1348,0.25,0.75
1349,0.5833333333333334,0.4166666666666667
1350,0.5555555555555556,0.4444444444444444
1351,0.4,0.6
1352,0.5652173913043478,0.43478260869565216
1353,0.8620689655172413,0.13793103448275862
1354,1.0,0.0
1355,0.8928571428571429,0.10714285714285714
1356,0.7931034482758621,0.20689655172413793
1357,1.0,0.0
1358,0.34285714285714286,0.6571428571428571
1359,0.6818181818181818,0.3181818181818182
1360,0.4594594594594595,0.5405405405405406
1361,0.75,0.25
1362,0.42105263157894735,0.5789473684210527
1363,1.0,0.0
1364,1.0,0.0
1365,0.45454545454545453,0.5454545454545454
1366,0.8205128205128205,0.1794871794871795
1367,0.7619047619047619,0.23809523809523808
1368,0.7916666666666666,0.20833333333333334
1369,0.34285714285714286,0.6571428571428571
1370,0.23809523809523808,0.7619047619047619
1371,0.4,0.6
1372,0.65,0.35
1373,1.0,0.0
1374,0.42105263157894735,0.5789473684210527
1375,0.4642857142857143,0.5357142857142857
1376,0.8695652173913043,0.13043478260869565
1377,0.42105263157894735,0.5789473684210527
1378,0.47619047619047616,0.5238095238095238
1379,0.36363636363636365,0.6363636363636364
1380,0.55,0.45
1381,1.0,0.0
1382,0.84,0.16
1383,1.0,0.0
1384,0.85,0.15
1385,0.36363636363636365,0.6363636363636364
1386,0.8205128205128205,0.1794871794871795
1387,0.6,0.4
1388,0.8571428571428571,0.14285714285714285
1389,0.6190476190476191,0.38095238095238093
1390,0.34285714285714286,0.6571428571428571
1391,0.5555555555555556,0.4444444444444444
1392,1.0,0.0
1393,0.25,0.75
1394,0.36363636363636365,0.6363636363636364
1395,0.5,0.5
1396,1.0,0.0
1397,0.5909090909090909,0.4090909090909091
1398,0.5652173913043478,0.43478260869565216
1399,0.2894736842105263,0.7105263157894737
1400,0.65,0.35
1401,1.0,0.0
1402,0.23809523809523808,0.7619047619047619
1403,1.0,0.0
1404,1.0,0.0
1405,0.3333333333333333,0.6666666666666666
1406,0.9696969696969697,0.030303030303030304
1407,1.0,0.0
1408,0.36363636363636365,0.6363636363636364
1409,0.65,0.35
1410,0.36363636363636365,0.6363636363636364
1411,0.9545454545454546,0.045454545454545456
1412,0.84,0.16
1413,0.84,0.16
1414,0.36363636363636365,0.6363636363636364
1415,0.3103448275862069,0.6896551724137931
1416,0.5714285714285714,0.42857142857142855
1417,1.0,0.0
1418,0.8095238095238095,0.19047619047619047
1419,0.5714285714285714,0.42857142857142855
1420,0.4473684210526316,0.5526315789473685
1421,0.7352941176470589,0.2647058823529412
1422,0.6,0.4
1423,0.7,0.3
1424,0.5925925925925926,0.4074074074074074
1425,0.5925925925925926,0.4074074074074074
1426,1.0,0.0
1427,0.3333333333333333,0.6666666666666666
1428,0.4642857142857143,0.5357142857142857
1429,0.9583333333333334,0.041666666666666664
1430,0.5714285714285714,0.42857142857142855
1431,0.65,0.35
1432,0.8181818181818182,0.18181818181818182
1433,0.7619047619047619,0.23809523809523808
1434,0.8695652173913043,0.13043478260869565
1435,0.9696969696969697,0.030303030303030304
1436,0.5,0.5
1437,0.32,0.68
1438,0.6129032258064516,0.3870967741935484
1439,0.7727272727272727,0.22727272727272727
1440,0.8928571428571429,0.10714285714285714
1441,0.8095238095238095,0.19047619047619047
1442,1.0,0.0
1443,1.0,0.0
1444,0.7931034482758621,0.20689655172413793
1445,0.4642857142857143,0.5357142857142857
1446,0.5555555555555556,0.4444444444444444
1447,0.6956521739130435,0.30434782608695654
1448,0.35,0.65
1449,0.23809523809523808,0.7619047619047619
1450,0.8695652173913043,0.13043478260869565
1451,0.9285714285714286,0.07142857142857142
1452,0.5769230769230769,0.4230769230769231
1453,0.4642857142857143,0.5357142857142857
1454,0.8571428571428571,0.14285714285714285
1455,0.6,0.4
1456,0.32,0.68
1457,0.8666666666666667,0.13333333333333333
1458,1.0,0.0
1459,0.6129032258064516,0.3870967741935484
1460,1.0,0.0
1461,0.6,0.4
1462,0.9,0.1
1463,0.6,0.4
1464,1.0,0.0
1465,0.8709677419354839,0.12903225806451613
1466,0.7,0.3
1467,0.6129032258064516,0.3870967741935484
1468,0.47619047619047616,0.5238095238095238
1469,0.32142857142857145,0.6785714285714286
1470,0.7727272727272727,0.22727272727272727
1471,0.7916666666666666,0.20833333333333334
1472,0.5217391304347826,0.4782608695652174
1473,0.7352941176470589,0.2647058823529412
1474,0.8125,0.1875
1475,0.8205128205128205,0.1794871794871795
1476,1.0,0.0
1477,0.65,0.35
1478,0.47619047619047616,0.5238095238095238
1479,0.85,0.15
1480,1.0,0.0
1481,0.9,0.1
1482,0.7619047619047619,0.23809523809523808
1483,0.8571428571428571,0.14285714285714285
1484,0.6818181818181818,0.3181818181818182
1485,0.8076923076923077,0.19230769230769232
1486,0.85,0.15
1487,0.8076923076923077,0.19230769230769232
1488,0.5454545454545454,0.45454545454545453
1489,0.8709677419354839,0.12903225806451613
1490,0.6190476190476191,0.38095238095238093
1491,0.8928571428571429,0.10714285714285714
1492,0.9285714285714286,0.07142857142857142
1493,0.8205128205128205,0.1794871794871795
1494,0.7,0.3
1495,0.9,0.1
1496,0.6666666666666666,0.3333333333333333
1497,0.95,0.05
1498,0.8709677419354839,0.12903225806451613
1499,0.36363636363636365,0.6363636363636364
1500,0.5652173913043478,0.43478260869565216
1501,0.9583333333333334,0.041666666666666664
1502,1.0,0.0
1503,0.6666666666666666,0.3333333333333333
1504,1.0,0.0
1505,0.6818181818181818,0.3181818181818182
1506,0.5925925925925926,0.4074074074074074
1507,0.6,0.4
1508,0.18181818181818182,0.8181818181818182
1509,1.0,0.0
1510,0.85,0.15
1511,0.84,0.16
1512,0.5454545454545454,0.45454545454545453
1513,0.8571428571428571,0.14285714285714285
1514,0.6774193548387096,0.3225806451612903
1515,0.5925925925925926,0.4074074074074074
1516,0.8666666666666667,0.13333333333333333
1517,1.0,0.0
1518,0.7916666666666666,0.20833333333333334
1519,0.5882352941176471,0.4117647058823529
1520,0.32142857142857145,0.6785714285714286
1521,0.9565217391304348,0.043478260869565216
1522,0.9545454545454546,0.045454545454545456
1523,1.0,0.0
1524,0.8709677419354839,0.12903225806451613
1525,0.8108108108108109,0.1891891891891892
1526,0.32142857142857145,0.6785714285714286
1527,0.8695652173913043,0.13043478260869565
1528,0.5882352941176471,0.4117647058823529
1529,0.9,0.1
1530,0.7,0.3
1531,1.0,0.0
1532,1.0,0.0
1533,0.5,0.5
1534,0.8125,0.1875
1535,0.07692307692307693,0.9230769230769231
1536,0.8076923076923077,0.19230769230769232
1537,0.8709677419354839,0.12903225806451613
1538,1.0,0.0
1539,0.6,0.4
1540,0.8695652173913043,0.13043478260869565
1541,0.16666666666666666,0.8333333333333334
1542,0.5833333333333334,0.4166666666666667
1543,0.8076923076923077,0.19230769230769232
1544,0.6,0.4
1545,0.6956521739130435,0.30434782608695654
1546,1.0,0.0
1547,0.85,0.15
1548,0.9090909090909091,0.09090909090909091
1549,1.0,0.0
1550,0.7916666666666666,0.20833333333333334
1551,1.0,0.0
1552,0.8695652173913043,0.13043478260869565
1553,0.07692307692307693,0.9230769230769231
1554,0.9545454545454546,0.045454545454545456
1555,0.9,0.1
1556,0.7352941176470589,0.2647058823529412
1557,0.95,0.05
1558,0.9090909090909091,0.09090909090909091
1559,0.75,0.25
1560,0.9285714285714286,0.07142857142857142
1561,0.9166666666666666,0.08333333333333333
1562,0.9090909090909091,0.09090909090909091
1563,1.0,0.0
1564,0.8928571428571429,0.10714285714285714
1565,0.5,0.5
1566,0.6818181818181818,0.3181818181818182
1567,0.9,0.1
1568,0.5833333333333334,0.4166666666666667
1569,0.75,0.25
1570,0.7272727272727273,0.2727272727272727
1571,0.47619047619047616,0.5238095238095238
1572,0.6818181818181818,0.3181818181818182
1573,0.8125,0.1875
1574,1.0,0.0
1575,0.8095238095238095,0.19047619047619047
1576,0.42105263157894735,0.5789473684210527
1577,0.5,0.5
1578,0.8695652173913043,0.13043478260869565
1579,0.7916666666666666,0.20833333333333334
1580,0.2222222222222222,0.7777777777777778
1581,0.4,0.6
1582,1.0,0.0
1583,0.5769230769230769,0.4230769230769231
1584,0.9545454545454546,0.045454545454545456
1585,0.9583333333333334,0.041666666666666664
1586,0.5714285714285714,0.42857142857142855
1587,0.2222222222222222,0.7777777777777778
1588,1.0,0.0
1589,0.7916666666666666,0.20833333333333334
1590,0.5,0.5
1591,0.9583333333333334,0.041666666666666664
1592,1.0,0.0
1593,0.6,0.4
1594,0.32142857142857145,0.6785714285714286
1595,0.5238095238095238,0.47619047619047616
1596,0.9565217391304348,0.043478260869565216
1597,0.75,0.25
1598,0.9696969696969697,0.030303030303030304
1599,0.9166666666666666,0.08333333333333333
1600,1.0,0.0
1601,1.0,0.0
1602,0.8571428571428571,0.14285714285714285
1603,0.4473684210526316,0.5526315789473685
1604,0.8108108108108109,0.1891891891891892
1605,0.8666666666666667,0.13333333333333333
1606,0.8695652173913043,0.13043478260869565
1607,0.7352941176470589,0.2647058823529412
1608,1.0,0.0
1609,0.7931034482758621,0.20689655172413793
1610,0.32,0.68
1611,0.42105263157894735,0.5789473684210527
1612,1.0,0.0
1613,1.0,0.0
1614,0.5925925925925926,0.4074074074074074
1615,0.8709677419354839,0.12903225806451613
1616,0.2222222222222222,0.7777777777777778
1617,1.0,0.0
1618,0.34285714285714286,0.6571428571428571
1619,0.7916666666666666,0.20833333333333334
1620,0.6190476190476191,0.38095238095238093
1621,1.0,0.0
1622,0.5909090909090909,0.4090909090909091
1623,0.9,0.1
1624,0.18181818181818182,0.8181818181818182
1625,0.8064516129032258,0.1935483870967742
1626,0.7916666666666666,0.20833333333333334
1627,0.6521739130434783,0.34782608695652173
1628,0.6190476190476191,0.38095238095238093
1629,0.65,0.35
1630,0.8181818181818182,0.18181818181818182
1631,0.6190476190476191,0.38095238095238093
1632,0.6818181818181818,0.3181818181818182
1633,0.5217391304347826,0.4782608695652174
1634,0.8108108108108109,0.1891891891891892
1635,0.8055555555555556,0.19444444444444445
1636,0.6,0.4
1637,0.8709677419354839,0.12903225806451613
1638,0.6190476190476191,0.38095238095238093
1639,0.8333333333333334,0.16666666666666666
1640,0.2222222222222222,0.7777777777777778
1641,0.5217391304347826,0.4782608695652174
1642,0.5925925925925926,0.4074074074074074
1643,0.8571428571428571,0.14285714285714285
1644,0.8108108108108109,0.1891891891891892
1645,0.7931034482758621,0.20689655172413793
1646,0.35,0.65
1647,1.0,0.0
1648,0.8709677419354839,0.12903225806451613
1649,1.0,0.0
1650,0.18181818181818182,0.8181818181818182
1651,0.30434782608695654,0.6956521739130435
1652,0.6774193548387096,0.3225806451612903
1653,0.8076923076923077,0.19230769230769232
1654,0.9565217391304348,0.043478260869565216
1655,0.5,0.5
1656,0.5238095238095238,0.47619047619047616
1657,0.36363636363636365,0.6363636363636364
1658,0.5925925925925926,0.4074074074074074
1659,0.6521739130434783,0.34782608695652173
1660,0.34285714285714286,0.6571428571428571
1661,0.8709677419354839,0.12903225806451613
1662,0.6956521739130435,0.30434782608695654
1663,0.7352941176470589,0.2647058823529412
1664,0.9583333333333334,0.041666666666666664
1665,0.42105263157894735,0.5789473684210527
1666,0.8333333333333334,0.16666666666666666
1667,1.0,0.0
1668,1.0,0.0
1669,0.8064516129032258,0.1935483870967742
1670,1.0,0.0
1671,1.0,0.0
1672,0.8064516129032258,0.1935483870967742
1673,0.36363636363636365,0.6363636363636364
1674,0.5,0.5
1675,1.0,0.0
1676,0.8846153846153846,0.11538461538461539
1677,0.7272727272727273,0.2727272727272727
1678,0.32142857142857145,0.6785714285714286
1679,0.75,0.25
1680,0.9666666666666667,0.03333333333333333
1681,0.5652173913043478,0.43478260869565216
1682,0.75,0.25
1683,1.0,0.0
1684,0.9583333333333334,0.041666666666666664
1685,0.9666666666666667,0.03333333333333333
1686,1.0,0.0
1687,1.0,0.0
1688,0.75,0.25
1689,0.75,0.25
1690,0.8205128205128205,0.1794871794871795
1691,0.3103448275862069,0.6896551724137931
1692,1.0,0.0
1693,0.8666666666666667,0.13333333333333333
1694,0.6774193548387096,0.3225806451612903
1695,0.85,0.15
1696,1.0,0.0
1697,1.0,0.0
1698,0.5714285714285714,0.42857142857142855
1699,1.0,0.0
1700,0.9,0.1
1701,0.8064516129032258,0.1935483870967742
1702,0.5652173913043478,0.43478260869565216
1703,0.55,0.45
1704,0.4473684210526316,0.5526315789473685
1705,0.5,0.5
1706,0.4594594594594595,0.5405405405405406
1707,1.0,0.0
1708,0.8666666666666667,0.13333333333333333
1709,1.0,0.0
1710,0.8846153846153846,0.11538461538461539
1711,1.0,0.0
1712,0.9285714285714286,0.07142857142857142
1713,0.5217391304347826,0.4782608695652174
1714,0.35,0.65
1715,0.8695652173913043,0.13043478260869565
1716,0.9285714285714286,0.07142857142857142
1717,0.5806451612903226,0.41935483870967744
