,logreg_0,logreg_1
0,0.7501262558311439,0.24987374416885605
1,0.811255882222675,0.18874411777732503
2,0.8567470310523834,0.14325296894761666
3,0.770982402796961,0.229017597203039
4,0.7413400516236552,0.2586599483763447
5,0.8247056317891551,0.17529436821084488
6,0.729303065131724,0.27069693486827595
7,0.8537928563724952,0.14620714362750478
8,0.8864896548960992,0.11351034510390083
9,0.855809440356899,0.144190559643101
10,0.8516888429100133,0.14831115708998666
11,0.9122637139339322,0.08773628606606775
12,0.7209015305599963,0.2790984694400037
13,0.7604585788713631,0.2395414211286368
14,0.6765866650843029,0.3234133349156971
15,0.7944203879515173,0.2055796120484828
16,0.8386083222307668,0.1613916777692332
17,0.8052149991113706,0.1947850008886294
18,0.8530318202948344,0.14696817970516557
19,0.8446420991277361,0.1553579008722638
20,0.810202534639844,0.18979746536015593
21,0.7923553157275373,0.20764468427246274
22,0.8183287997142734,0.18167120028572661
23,0.8649408026927248,0.13505919730727522
24,0.7863745219004314,0.21362547809956856
25,0.7746696498514474,0.22533035014855263
26,0.8156366298973603,0.18436337010263965
27,0.7321001690438647,0.26789983095613534
28,0.5580702806209296,0.44192971937907044
29,0.780658324126941,0.21934167587305897
30,0.8151969333614688,0.1848030666385312
31,0.7388418899284761,0.2611581100715239
32,0.7756134018394644,0.22438659816053563
33,0.7860981672365257,0.2139018327634743
34,0.7919113858374806,0.20808861416251945
35,0.8640870387055676,0.13591296129443242
36,0.8379636192961362,0.16203638070386378
37,0.531157411411235,0.468842588588765
38,0.5230894811911979,0.4769105188088021
39,0.6579441511377317,0.34205584886226825
40,0.5935426607911753,0.4064573392088246
41,0.5176863249351564,0.48231367506484357
42,0.7151469098153826,0.2848530901846174
43,0.8472827545945425,0.15271724540545753
44,0.756642218355143,0.243357781644857
45,0.5431469685314034,0.4568530314685966
46,0.5158046990475904,0.48419530095240965
47,0.6877990722421088,0.31220092775789127
48,0.6102065898925471,0.38979341010745294
49,0.7660731670878566,0.23392683291214342
50,0.7427824791766218,0.2572175208233783
51,0.6901318157017317,0.30986818429826835
52,0.798334833901832,0.201665166098168
53,0.8382437473797427,0.16175625262025728
54,0.542557880499324,0.45744211950067604
55,0.5213250528112177,0.4786749471887824
56,0.7412359040259124,0.2587640959740875
57,0.6796226344480704,0.32037736555192964
58,0.6810077428108766,0.3189922571891234
59,0.45902502561355585,0.5409749743864442
60,0.7204345587305943,0.2795654412694058
61,0.6245045188048283,0.37549548119517173
62,0.4978666774622561,0.5021333225377439
63,0.8099990516181038,0.19000094838189616
64,0.6568184119353704,0.3431815880646296
65,0.6738662676460564,0.3261337323539436
66,0.7692027555997237,0.23079724440027624
67,0.7708276403806885,0.2291723596193115
68,0.6890482473114361,0.3109517526885639
69,0.7103567131738477,0.2896432868261522
70,0.6519270105364052,0.34807298946359483
71,0.696907478503122,0.30309252149687804
72,0.7647366382053927,0.2352633617946073
73,0.8914902806667059,0.10850971933329408
74,0.7921804092815011,0.20781959071849884
75,0.743245788935529,0.25675421106447105
76,0.781555657426316,0.21844434257368395
77,0.7753937302885923,0.2246062697114078
78,0.5596875384711805,0.44031246152881953
79,0.6395634346059027,0.3604365653940973
80,0.8363987189795992,0.16360128102040083
81,0.7842786354697748,0.21572136453022514
82,0.42712407111449113,0.5728759288855089
83,0.6838769126357571,0.3161230873642429
84,0.6539447513833468,0.34605524861665315
85,0.8492436901418825,0.1507563098581175
86,0.5755527728158353,0.4244472271841647
87,0.7814923739903724,0.21850762600962756
88,0.5000427267602678,0.49995727323973216
89,0.7681483480584498,0.2318516519415502
90,0.5756898820065277,0.4243101179934723
91,0.630537004182566,0.369462995817434
92,0.7765414905917598,0.22345850940824025
93,0.6089539881953302,0.3910460118046698
94,0.7134289165936099,0.28657108340639015
95,0.643355239124828,0.35664476087517205
96,0.8113499436796641,0.1886500563203359
97,0.692336188955984,0.3076638110440159
98,0.7289937965105451,0.271006203489455
99,0.5232748269330403,0.4767251730669597
100,0.6494631687515738,0.35053683124842616
101,0.8118970818010366,0.18810291819896344
102,0.8186433703426912,0.18135662965730887
103,0.7299415090933554,0.27005849090664463
104,0.6005247601274117,0.39947523987258826
105,0.7826333457280213,0.21736665427197863
106,0.8067520895466437,0.1932479104533563
107,0.7527027721170465,0.24729722788295355
108,0.4457836320384265,0.5542163679615735
109,0.5816958767697649,0.41830412323023514
110,0.8738494968789208,0.1261505031210792
111,0.7547951421091802,0.2452048578908198
112,0.8569098167347552,0.14309018326524484
113,0.6800303067222764,0.31996969327772357
114,0.785724699937121,0.214275300062879
115,0.8324488532607424,0.1675511467392577
116,0.6462830972410177,0.35371690275898227
117,0.8018501759200132,0.19814982407998677
118,0.5849607883509027,0.4150392116490973
119,0.48452811801152784,0.5154718819884722
120,0.739692027382739,0.260307972617261
121,0.6237767120567004,0.37622328794329957
122,0.762375263915543,0.23762473608445706
123,0.6837127397730496,0.3162872602269505
124,0.6855530041928235,0.31444699580717644
125,0.7147663637073483,0.2852336362926518
126,0.5995399182776748,0.4004600817223252
127,0.8875410666926276,0.11245893330737249
128,0.6614327901666337,0.3385672098333663
129,0.5604863239125559,0.43951367608744407
130,0.4904861629331655,0.5095138370668345
131,0.7847938509434039,0.21520614905659607
132,0.7847938509434039,0.21520614905659607
133,0.5835350335726375,0.4164649664273625
134,0.5169726762801782,0.4830273237198218
135,0.7933463331640815,0.20665366683591846
136,0.8650942239094125,0.1349057760905875
137,0.7764420849705882,0.2235579150294118
138,0.7759683547898899,0.22403164521011015
139,0.6379481358621909,0.3620518641378091
140,0.8462682691877884,0.1537317308122116
141,0.5833531201564726,0.4166468798435275
142,0.688848672237256,0.31115132776274396
143,0.7357628499855067,0.2642371500144934
144,0.6585077797834753,0.34149222021652476
145,0.679664317825011,0.320335682174989
146,0.696597227869201,0.3034027721307991
147,0.5743462461020388,0.4256537538979612
148,0.8276173765378546,0.17238262346214542
149,0.815795452569769,0.184204547430231
150,0.8275451324591193,0.17245486754088066
151,0.7655815976726827,0.23441840232731728
152,0.6174092089016766,0.3825907910983234
153,0.8512089429188768,0.14879105708112317
154,0.7320144382522026,0.2679855617477974
155,0.9125501770307346,0.08744982296926541
156,0.4840678129135395,0.5159321870864605
157,0.7333881800514657,0.2666118199485344
158,0.6066492556959322,0.3933507443040678
159,0.6816523530878988,0.3183476469121012
160,0.8740912676539053,0.12590873234609468
161,0.6646062697594395,0.33539373024056046
162,0.6684369785627877,0.3315630214372123
163,0.6306887885905351,0.3693112114094649
164,0.7951532241393564,0.20484677586064365
165,0.6786808593788204,0.3213191406211796
166,0.561348692365855,0.438651307634145
167,0.5885925829374591,0.4114074170625409
168,0.7552910996433213,0.24470890035667872
169,0.7388473598072548,0.2611526401927452
170,0.848160075663279,0.15183992433672097
171,0.7464320081852676,0.2535679918147324
172,0.7155062782804416,0.28449372171955845
173,0.6709814574403902,0.32901854255960983
174,0.74720363589878,0.25279636410122
175,0.8062426467402485,0.19375735325975152
176,0.8320001977733726,0.1679998022266273
177,0.7918081303790137,0.20819186962098635
178,0.7559392404275628,0.2440607595724372
179,0.9043647790695405,0.09563522093045948
180,0.6792590862263588,0.3207409137736412
181,0.8350895858998538,0.1649104141001462
182,0.7667426242732022,0.23325737572679783
183,0.7465816233175107,0.2534183766824893
184,0.5665795257178332,0.43342047428216673
185,0.4670797892321805,0.5329202107678195
186,0.6387305532163318,0.36126944678366824
187,0.7104696657303327,0.2895303342696673
188,0.8838408746859501,0.1161591253140499
189,0.7040809858932799,0.2959190141067201
190,0.826817946982334,0.17318205301766598
191,0.8127748961872465,0.18722510381275348
192,0.8365060515989768,0.16349394840102316
193,0.5901432963386675,0.40985670366133253
194,0.7811705708868572,0.21882942911314282
195,0.8961495854243741,0.10385041457562591
196,0.8639171373169464,0.13608286268305358
197,0.6613739511300378,0.3386260488699621
198,0.688716690267217,0.3112833097327829
199,0.6486967997894858,0.3513032002105142
200,0.7275581884458288,0.27244181155417124
201,0.7669697459484408,0.23303025405155914
202,0.6577251123824299,0.3422748876175701
203,0.7295910538804735,0.27040894611952654
204,0.6881385432282484,0.3118614567717516
205,0.7324773725338753,0.2675226274661247
206,0.563514525001442,0.43648547499855805
207,0.7263211526052891,0.27367884739471093
208,0.797281239451729,0.20271876054827095
209,0.7596232023254588,0.2403767976745412
210,0.8060869187795023,0.19391308122049764
211,0.7070581751325027,0.29294182486749726
212,0.8032919314505919,0.19670806854940812
213,0.6009341200585774,0.3990658799414227
214,0.7791860997263393,0.22081390027366068
215,0.5537110428959464,0.4462889571040536
216,0.6204302485373334,0.3795697514626666
217,0.7775195185815637,0.22248048141843638
218,0.7885108822055034,0.21148911779449658
219,0.8984944146695112,0.10150558533048878
220,0.8423868430320876,0.1576131569679124
221,0.7366349618085279,0.2633650381914721
222,0.6928402488162959,0.30715975118370403
223,0.777858635978032,0.22214136402196805
224,0.7725053455177593,0.22749465448224068
225,0.7175925999329096,0.2824074000670904
226,0.7666082612241802,0.2333917387758198
227,0.7903930023979258,0.20960699760207427
228,0.8717974335997166,0.12820256640028335
229,0.7821280183535747,0.21787198164642527
230,0.6889548835832815,0.31104511641671845
231,0.7753268778102106,0.22467312218978944
232,0.4181228451930801,0.5818771548069199
233,0.5138986324327139,0.48610136756728606
234,0.8553492160098725,0.1446507839901275
235,0.8032412735527167,0.19675872644728334
236,0.653616035249616,0.346383964750384
237,0.8359024882429206,0.16409751175707946
238,0.7889484345084286,0.2110515654915714
239,0.7040747870062494,0.2959252129937506
240,0.7912159091026273,0.2087840908973727
241,0.6128180045612251,0.38718199543877485
242,0.8945392479979575,0.10546075200204258
243,0.821774876302518,0.178225123697482
244,0.72857679776871,0.27142320223129
245,0.26240726514398294,0.7375927348560171
246,0.7386782884632991,0.2613217115367009
247,0.7458800811185945,0.2541199188814055
248,0.7577052312382759,0.24229476876172404
249,0.8207900268296577,0.1792099731703422
250,0.8185641810838902,0.18143581891610977
251,0.8097455324539993,0.19025446754600073
252,0.7405911960190195,0.2594088039809806
253,0.7053034864173024,0.29469651358269755
254,0.7045568278806078,0.2954431721193922
255,0.7927600265564714,0.20723997344352857
256,0.6080038505010199,0.39199614949898015
257,0.8165095185630018,0.18349048143699817
258,0.7529049933599732,0.24709500664002676
259,0.6001908469762955,0.3998091530237044
260,0.6611846165922365,0.3388153834077635
261,0.7557834321130774,0.24421656788692256
262,0.7789068866203984,0.2210931133796016
263,0.8416006548502486,0.15839934514975137
264,0.5300543682557612,0.4699456317442388
265,0.43415278481995856,0.5658472151800414
266,0.671113749738237,0.328886250261763
267,0.6949048151799406,0.3050951848200593
268,0.7383878815713678,0.26161211842863213
269,0.7276261143822567,0.2723738856177433
270,0.8677761693029662,0.13222383069703383
271,0.8595940080103658,0.1404059919896342
272,0.7395526527741354,0.26044734722586466
273,0.8277205079234436,0.17227949207655638
274,0.8657087747626271,0.1342912252373729
275,0.7944932544530147,0.20550674554698536
276,0.806905336528088,0.19309466347191198
277,0.8231521637308019,0.17684783626919806
278,0.4388065902285089,0.5611934097714911
279,0.6525017839091489,0.3474982160908511
280,0.542338242094489,0.457661757905511
281,0.6512959778610223,0.3487040221389777
282,0.6535245223094579,0.3464754776905421
283,0.7479034398255269,0.2520965601744731
284,0.8842154744354045,0.11578452556459552
285,0.8059349025957282,0.1940650974042718
286,0.8529977634059538,0.14700223659404624
287,0.47201619765322445,0.5279838023467756
288,0.5120311137329357,0.48796888626706425
289,0.7893601398763433,0.21063986012365665
290,0.8196234356176973,0.18037656438230265
291,0.7443902428382629,0.25560975716173706
292,0.6591083255371301,0.34089167446286994
293,0.7310596632466944,0.2689403367533057
294,0.8113422914125104,0.1886577085874896
295,0.7517483073306721,0.24825169266932787
296,0.7742453675040804,0.2257546324959197
297,0.7547572450848872,0.24524275491511288
298,0.916176830029991,0.08382316997000906
299,0.7931619063025986,0.20683809369740133
300,0.7734084945215498,0.22659150547845025
301,0.8667217574608708,0.13327824253912923
302,0.7939374590423313,0.20606254095766877
303,0.8532206044917063,0.14677939550829364
304,0.886050961317585,0.11394903868241504
305,0.7690818112327957,0.2309181887672042
306,0.8246969063941203,0.17530309360587976
307,0.7150272311733963,0.2849727688266038
308,0.7486950648931124,0.25130493510688756
309,0.6378420952862154,0.36215790471378456
310,0.8821308270424144,0.11786917295758559
311,0.609065296454832,0.39093470354516796
312,0.8694472834750415,0.13055271652495848
313,0.8769074731624859,0.12309252683751418
314,0.794147021637651,0.20585297836234895
315,0.8216096038743719,0.1783903961256281
316,0.6762843732063226,0.3237156267936774
317,0.676389247858533,0.32361075214146695
318,0.7081614781465584,0.2918385218534416
319,0.7024587783701495,0.2975412216298506
320,0.6977934653113864,0.30220653468861364
321,0.8142162400840482,0.18578375991595178
322,0.7699214317872485,0.23007856821275158
323,0.7484052926125437,0.25159470738745626
324,0.8317575437928322,0.16824245620716788
325,0.7345045317063631,0.2654954682936369
326,0.6865529043312026,0.3134470956687973
327,0.7363274666628924,0.2636725333371076
328,0.8930080072173635,0.10699199278263645
329,0.8008485539166976,0.19915144608330232
330,0.8058788080807582,0.19412119191924176
331,0.8722291448112172,0.12777085518878278
332,0.6568715898995846,0.3431284101004154
333,0.8033777533983826,0.19662224660161745
334,0.674592654344426,0.32540734565557405
335,0.8667424494689464,0.13325755053105362
336,0.7922578495825628,0.20774215041743715
337,0.8113988191890396,0.1886011808109604
338,0.707164615436456,0.29283538456354397
339,0.8108205869760716,0.1891794130239284
340,0.8591722726277882,0.1408277273722118
341,0.7485440400270406,0.25145595997295944
342,0.7141975006634751,0.28580249933652485
343,0.709368867063282,0.29063113293671805
344,0.8742460816441263,0.1257539183558737
345,0.9188342366496521,0.08116576335034782
346,0.6966510964155368,0.30334890358446315
347,0.8410048983136783,0.15899510168632172
348,0.685989511965051,0.314010488034949
349,0.6925980035465923,0.3074019964534077
350,0.8865344111914556,0.11346558880854439
351,0.8590101574958244,0.1409898425041756
352,0.8050460584136733,0.1949539415863267
353,0.7779716963266885,0.22202830367331147
354,0.8534354063857138,0.1465645936142862
355,0.891577923650405,0.10842207634959496
356,0.6935807379245625,0.30641926207543746
357,0.7214460315220179,0.27855396847798203
358,0.7064732250642703,0.29352677493572965
359,0.830288945975192,0.16971105402480804
360,0.7080750215335382,0.2919249784664618
361,0.9343112728629499,0.06568872713705011
362,0.7541850438406977,0.2458149561593023
363,0.8478744818257746,0.15212551817422532
364,0.6495356734358748,0.35046432656412524
365,0.8900609000286398,0.10993909997136023
366,0.6406199087414179,0.3593800912585821
367,0.886908514700752,0.11309148529924792
368,0.8036771783573965,0.19632282164260353
369,0.7546810186189141,0.24531898138108585
370,0.6698479720469273,0.33015202795307275
371,0.810541037450181,0.18945896254981898
372,0.8679664298586915,0.13203357014130848
373,0.8252061725364623,0.17479382746353772
374,0.9052299131319519,0.09477008686804808
375,0.6650974981648423,0.33490250183515763
376,0.7303810897390983,0.26961891026090173
377,0.736004196573758,0.2639958034262419
378,0.7319429922543306,0.26805700774566943
379,0.6637919234767288,0.3362080765232712
380,0.7317463348178181,0.2682536651821819
381,0.785033329412576,0.21496667058742405
382,0.763698341169338,0.23630165883066198
383,0.544706594498492,0.455293405501508
384,0.6300571756819027,0.3699428243180973
385,0.8457550811047752,0.1542449188952248
386,0.8942172850216964,0.10578271497830356
387,0.8669074125114147,0.1330925874885853
388,0.6542060012178227,0.3457939987821773
389,0.7629531046313951,0.23704689536860488
390,0.5517574125810691,0.4482425874189309
391,0.8308205045431495,0.1691794954568505
392,0.7781120306707524,0.2218879693292476
393,0.6811171565647398,0.31888284343526024
394,0.4626105634854798,0.5373894365145202
395,0.6842490658405943,0.3157509341594057
396,0.72393880020502,0.27606119979497995
397,0.467610829619565,0.532389170380435
398,0.574504651637004,0.4254953483629959
399,0.7543125201316833,0.24568747986831677
400,0.5296427786447797,0.47035722135522023
401,0.7028710553468647,0.29712894465313533
402,0.6598444500497413,0.3401555499502586
403,0.6138240590284058,0.38617594097159424
404,0.7348896989945684,0.2651103010054317
405,0.6843407879469101,0.3156592120530899
406,0.6592609164241421,0.34073908357585797
407,0.4833111080735183,0.5166888919264817
408,0.8504887443789957,0.1495112556210043
409,0.8122997886857966,0.1877002113142034
410,0.464667030362768,0.535332969637232
411,0.4820797448658152,0.5179202551341848
412,0.6597322766977587,0.3402677233022413
413,0.5622245126019536,0.4377754873980464
414,0.5520834199120652,0.4479165800879348
415,0.6097908281127611,0.3902091718872389
416,0.6950929544725022,0.3049070455274978
417,0.6809195756610116,0.3190804243389885
418,0.8225141581401794,0.17748584185982058
419,0.5838243901106961,0.41617560988930385
420,0.6336212546267275,0.3663787453732726
421,0.6550521616984355,0.34494783830156445
422,0.6527024071687693,0.3472975928312307
423,0.57341792286673,0.42658207713327
424,0.6282425753944816,0.3717574246055184
425,0.5159966969267094,0.4840033030732907
426,0.8642384953502209,0.13576150464977915
427,0.7159562404249364,0.2840437595750635
428,0.5748421345032015,0.42515786549679846
429,0.7013451815443212,0.2986548184556787
430,0.669470867729649,0.33052913227035097
431,0.7298760230339763,0.27012397696602375
432,0.28360823887105624,0.7163917611289438
433,0.846417341907567,0.15358265809243302
434,0.3443110511296289,0.6556889488703711
435,0.6238223785496995,0.37617762145030054
436,0.4537307881330821,0.5462692118669179
437,0.5702186425479223,0.42978135745207763
438,0.2577631875993879,0.7422368124006121
439,0.6683390870565153,0.33166091294348465
440,0.6393733481986634,0.3606266518013365
441,0.5195330275802323,0.4804669724197677
442,0.49080731937265076,0.5091926806273492
443,0.7156801851860657,0.28431981481393437
444,0.6007478514745417,0.3992521485254583
445,0.7844359400260439,0.21556405997395617
446,0.5973370051488791,0.4026629948511209
447,0.8037753723488295,0.19622462765117057
448,0.7668425785523345,0.23315742144766544
449,0.764275775559775,0.235724224440225
450,0.6015711329580811,0.3984288670419189
451,0.80829781412123,0.19170218587876992
452,0.45549470770259415,0.5445052922974059
453,0.7989156081408597,0.20108439185914032
454,0.6879907216285304,0.3120092783714697
455,0.7301117691510393,0.2698882308489607
456,0.7382299954399947,0.2617700045600053
457,0.8177087877869345,0.1822912122130656
458,0.7868451797156494,0.2131548202843506
459,0.687742724829842,0.312257275170158
460,0.8511476587716302,0.14885234122836974
461,0.6986056206464597,0.3013943793535403
462,0.8081996211501612,0.19180037884983875
463,0.728176562747356,0.27182343725264396
464,0.7082559278857081,0.2917440721142918
465,0.6900992843829933,0.3099007156170067
466,0.7625304269124729,0.2374695730875271
467,0.8500777744747496,0.14992222552525034
468,0.7419368104912478,0.2580631895087521
469,0.7217471068514381,0.27825289314856194
470,0.7572488675127781,0.2427511324872219
471,0.7373246580039363,0.2626753419960636
472,0.6361970642067822,0.3638029357932178
473,0.789953761766,0.210046238234
474,0.6907482095632154,0.3092517904367847
475,0.9155866577630678,0.08441334223693216
476,0.8028949655641401,0.19710503443585994
477,0.7000027558844419,0.2999972441155581
478,0.6463474602504773,0.3536525397495227
479,0.8353192829777035,0.16468071702229645
480,0.7840126457338221,0.21598735426617793
481,0.632670222304378,0.36732977769562203
482,0.7249527770232431,0.2750472229767568
483,0.8000628309930353,0.19993716900696462
484,0.7361658006382595,0.26383419936174046
485,0.6747983658393442,0.3252016341606559
486,0.8175342137622882,0.18246578623771184
487,0.7290330810835116,0.2709669189164884
488,0.802730831662388,0.19726916833761193
489,0.6032824687833904,0.3967175312166096
490,0.7498008175231031,0.2501991824768969
491,0.601699962989547,0.3983000370104531
492,0.7628546152890243,0.23714538471097568
493,0.7218238041532643,0.27817619584673575
494,0.8475763900563499,0.15242360994365015
495,0.6350066761090589,0.3649933238909411
496,0.7299008567141996,0.27009914328580037
497,0.8006722852265178,0.19932771477348224
498,0.7891344514102355,0.21086554858976447
499,0.9071301559486986,0.09286984405130133
500,0.8544870041733879,0.1455129958266121
501,0.7228512384376302,0.2771487615623697
502,0.7650499844903134,0.2349500155096866
503,0.609815817709576,0.3901841822904239
504,0.7532179406518063,0.2467820593481938
505,0.6497790422592853,0.3502209577407147
506,0.8646358739036651,0.13536412609633483
507,0.6068776627668271,0.39312233723317286
508,0.6476393524161039,0.352360647583896
509,0.6586759544165827,0.34132404558341733
510,0.8112729217453711,0.18872707825462887
511,0.8543133447850543,0.1456866552149457
512,0.6846253424019234,0.3153746575980766
513,0.5821118961319915,0.4178881038680084
514,0.7360653309524754,0.2639346690475246
515,0.6640481204362944,0.33595187956370565
516,0.6665718750446012,0.33342812495539875
517,0.5795419276220996,0.42045807237790045
518,0.7054529250254884,0.29454707497451155
519,0.49327532893696113,0.5067246710630389
520,0.46712358160487455,0.5328764183951255
521,0.7782962547796205,0.2217037452203795
522,0.777513887973458,0.22248611202654198
523,0.6134489030542012,0.38655109694579887
524,0.8482674006298467,0.1517325993701532
525,0.6535350982845435,0.3464649017154565
526,0.5721753960869022,0.42782460391309785
527,0.6857930901643967,0.31420690983560334
528,0.6502949645010505,0.34970503549894943
529,0.7654745291118348,0.23452547088816517
530,0.7119711448009116,0.2880288551990884
531,0.8374016617144915,0.16259833828550857
532,0.6094809541228636,0.3905190458771364
533,0.5923240899797244,0.40767591002027564
534,0.5959509253272417,0.40404907467275836
535,0.7943730708172302,0.20562692918276984
536,0.750791721546791,0.2492082784532091
537,0.6327071436653668,0.3672928563346332
538,0.7527511688033834,0.24724883119661661
539,0.5747600231991445,0.4252399768008554
540,0.5504920406856878,0.4495079593143122
541,0.586222232045705,0.413777767954295
542,0.6794735164000485,0.3205264835999515
543,0.7282923236319974,0.27170767636800264
544,0.6884078179014035,0.31159218209859646
545,0.6942907292403366,0.30570927075966337
546,0.6691337379242059,0.330866262075794
547,0.5154265768086452,0.4845734231913547
548,0.5125235517584301,0.4874764482415698
549,0.5537110428959464,0.4462889571040536
550,0.7172326608276226,0.2827673391723774
551,0.67320351479802,0.32679648520197996
552,0.8488284212085528,0.15117157879144716
553,0.7611071534461655,0.23889284655383444
554,0.7699498979199291,0.23005010208007098
555,0.6144933663356925,0.3855066336643075
556,0.8713181209293042,0.12868187907069584
557,0.6469466606943983,0.3530533393056017
558,0.42004674153123767,0.5799532584687623
559,0.7749136181319853,0.22508638186801463
560,0.759990876582832,0.240009123417168
561,0.7827088664062987,0.2172911335937013
562,0.5042519597201705,0.4957480402798295
563,0.6927709810877412,0.3072290189122589
564,0.7513270266364085,0.24867297336359148
565,0.7685234128904879,0.23147658710951216
566,0.7366257169402511,0.26337428305974886
567,0.6910635705388246,0.3089364294611754
568,0.6847709827696378,0.3152290172303622
569,0.7587723504395648,0.24122764956043521
570,0.5630539043897425,0.4369460956102575
571,0.6683533074722572,0.33164669252774276
572,0.5995490609938929,0.400450939006107
573,0.5581138286887031,0.4418861713112969
574,0.7946803451617483,0.2053196548382517
575,0.5053948034543081,0.49460519654569185
576,0.711773556327115,0.2882264436728849
577,0.8243161229566005,0.17568387704339955
578,0.5022688277800778,0.4977311722199222
579,0.6590161921361269,0.34098380786387306
580,0.8257496184906303,0.17425038150936967
581,0.5933666047174023,0.4066333952825977
582,0.7427576858410501,0.25724231415894994
583,0.5813996822652305,0.4186003177347694
584,0.5113578257833602,0.48864217421663975
585,0.5769310995581305,0.42306890044186957
586,0.625798191366297,0.374201808633703
587,0.8638369301216109,0.1361630698783891
588,0.5844121381114848,0.41558786188851515
589,0.7794923990289131,0.2205076009710869
590,0.8053031952055885,0.19469680479441148
591,0.6744600407387883,0.3255399592612117
592,0.7192922746452365,0.2807077253547635
593,0.7751666421138653,0.22483335788613465
594,0.6670425985556783,0.3329574014443218
595,0.8013651914420039,0.1986348085579961
596,0.7674084341819334,0.2325915658180666
597,0.6873245042453695,0.3126754957546305
598,0.6866131804820383,0.31338681951796166
599,0.6196167594929816,0.38038324050701844
600,0.7817500275908404,0.21824997240915953
601,0.4799480229102966,0.5200519770897034
602,0.7098445703200593,0.29015542967994074
603,0.7513675025935866,0.24863249740641336
604,0.8358575553051488,0.16414244469485118
605,0.6784136620474566,0.32158633795254343
606,0.5081106483915685,0.49188935160843145
607,0.7535311200835036,0.24646887991649635
608,0.7577157863739518,0.2422842136260482
609,0.7311080221072468,0.2688919778927532
610,0.7178478831599342,0.2821521168400658
611,0.5975503214669888,0.4024496785330112
612,0.6662552211436134,0.33374477885638665
613,0.827464138820881,0.17253586117911895
614,0.652736887272737,0.34726311272726296
615,0.7613728916623201,0.2386271083376799
616,0.6814568826239915,0.31854311737600854
617,0.6795229203595579,0.3204770796404422
618,0.838319325773332,0.161680674226668
619,0.8484990023837207,0.1515009976162793
620,0.7150659385669556,0.2849340614330445
621,0.8158002304665953,0.18419976953340467
622,0.8047435347416204,0.19525646525837959
623,0.5696612885952024,0.4303387114047976
624,0.6944925255803083,0.3055074744196917
625,0.8281491703338159,0.17185082966618417
626,0.6360012996760727,0.36399870032392734
627,0.7303906231465698,0.26960937685343017
628,0.6284998922594875,0.3715001077405124
629,0.8410421455038166,0.15895785449618344
630,0.7768087583928864,0.2231912416071136
631,0.8928654703574649,0.10713452964253509
632,0.7720694562016135,0.22793054379838645
633,0.8810592098865451,0.11894079011345497
634,0.8614953209197029,0.13850467908029704
635,0.648957808690271,0.351042191309729
636,0.8738598390144965,0.1261401609855035
637,0.7557408850605662,0.24425911493943378
638,0.8601385759586091,0.1398614240413909
639,0.8354363898646366,0.1645636101353634
640,0.5780956467642092,0.4219043532357908
641,0.798251758022223,0.201748241977777
642,0.7322737395368342,0.2677262604631659
643,0.8024882115689012,0.1975117884310988
644,0.6954486718383017,0.30455132816169833
645,0.8118511845206777,0.1881488154793223
646,0.8050173994833991,0.19498260051660093
647,0.7211035907517974,0.2788964092482026
648,0.42278614379798085,0.5772138562020191
649,0.5598654691451552,0.4401345308548447
650,0.5294458721273593,0.4705541278726407
651,0.68351242759766,0.31648757240234004
652,0.6057937995622051,0.39420620043779486
653,0.5292583095621423,0.47074169043785774
654,0.29344818479428103,0.706551815205719
655,0.6214197751690826,0.3785802248309173
656,0.5734641788900556,0.42653582110994437
657,0.3939841556305318,0.6060158443694682
658,0.6457844867541183,0.35421551324588174
659,0.41009360777199,0.58990639222801
660,0.3861417808577162,0.6138582191422838
661,0.6847952369805493,0.31520476301945066
662,0.5965464669973256,0.4034535330026744
663,0.4396662246231994,0.5603337753768006
664,0.6930300801647602,0.3069699198352398
665,0.5001970021272659,0.49980299787273413
666,0.5979433308786841,0.40205666912131593
667,0.40974085026794194,0.5902591497320581
668,0.44972247122519926,0.5502775287748007
669,0.45323314401918713,0.5467668559808129
670,0.43112995012309574,0.5688700498769043
671,0.5423561022810168,0.4576438977189831
672,0.5538586321645218,0.4461413678354782
673,0.29197799652144407,0.7080220034785559
674,0.7071437742388755,0.2928562257611245
675,0.5256391101949331,0.47436088980506685
676,0.2416044223576116,0.7583955776423884
677,0.41976543225412266,0.5802345677458773
678,0.381644979901957,0.618355020098043
679,0.2712695694394486,0.7287304305605514
680,0.2976617301323168,0.7023382698676832
681,0.6077761210835979,0.3922238789164021
682,0.7829571784450376,0.21704282155496235
683,0.46988527136094604,0.530114728639054
684,0.41134254349750654,0.5886574565024935
685,0.4538643858876833,0.5461356141123167
686,0.6785734046762607,0.3214265953237393
687,0.4297128191833939,0.5702871808166061
688,0.33482795773820995,0.66517204226179
689,0.49432830765965685,0.5056716923403431
690,0.1979146317471554,0.8020853682528446
691,0.35427797021464036,0.6457220297853596
692,0.4348257630971173,0.5651742369028827
693,0.538853559993479,0.4611464400065211
694,0.7678693918599763,0.2321306081400237
695,0.504095619283537,0.49590438071646303
696,0.6103459484182975,0.3896540515817025
697,0.43035077293737956,0.5696492270626204
698,0.3124835434340597,0.6875164565659403
699,0.44932767573805,0.55067232426195
700,0.42155110570549914,0.5784488942945009
701,0.4125204136742131,0.5874795863257869
702,0.48062456937366327,0.5193754306263367
703,0.5936721486448258,0.4063278513551743
704,0.7682912646063529,0.23170873539364706
705,0.6525754677947622,0.3474245322052379
706,0.31870284369598445,0.6812971563040155
707,0.7004047651021361,0.2995952348978639
708,0.40033500845408887,0.5996649915459111
709,0.6580733750327615,0.34192662496723847
710,0.49975032869634073,0.5002496713036593
711,0.30260712147002367,0.6973928785299763
712,0.504688671242119,0.4953113287578809
713,0.7004692157418219,0.29953078425817814
714,0.6342925825587666,0.3657074174412333
715,0.47972829445154674,0.5202717055484533
716,0.327238776201764,0.672761223798236
717,0.767775669065319,0.232224330934681
718,0.4222004687519799,0.5777995312480201
719,0.4061002064130814,0.5938997935869186
720,0.5907848840624895,0.4092151159375105
721,0.34296334128660877,0.6570366587133912
722,0.2939256390082916,0.7060743609917084
723,0.2128807544683914,0.7871192455316086
724,0.4425514956355229,0.5574485043644771
725,0.5316268697121784,0.46837313028782157
726,0.6148486447648065,0.3851513552351935
727,0.2544803950789305,0.7455196049210695
728,0.45055209659575024,0.5494479034042498
729,0.7094035168625494,0.2905964831374505
730,0.40360905815021586,0.5963909418497841
731,0.41696790737816136,0.5830320926218386
732,0.7850276370384501,0.2149723629615499
733,0.5306217877578204,0.46937821224217957
734,0.6799185012874971,0.3200814987125029
735,0.643241948356319,0.356758051643681
736,0.7167464812863732,0.2832535187136268
737,0.7086940906335164,0.29130590936648354
738,0.8863510236160927,0.11364897638390731
739,0.772718747551675,0.22728125244832492
740,0.8079398551260175,0.19206014487398254
741,0.9057039287533228,0.09429607124667716
742,0.4540164287446763,0.5459835712553237
743,0.7895424829586967,0.21045751704130336
744,0.6801597500428709,0.3198402499571292
745,0.6899253094157833,0.31007469058421666
746,0.7195067540757129,0.28049324592428715
747,0.8530076816668242,0.14699231833317583
748,0.7441468935872049,0.2558531064127951
749,0.8343079854601183,0.16569201453988167
750,0.7762887883749212,0.22371121162507882
751,0.7582793204696507,0.24172067953034923
752,0.7701383221586247,0.22986167784137532
753,0.8368942217826401,0.1631057782173599
754,0.8321980601747827,0.16780193982521735
755,0.5289677920596293,0.4710322079403707
756,0.7039029646970361,0.296097035302964
757,0.7668344447480162,0.23316555525198374
758,0.7296150453598997,0.27038495464010026
759,0.8569003054149633,0.14309969458503666
760,0.8934532438860341,0.10654675611396586
761,0.49172620635618347,0.5082737936438165
762,0.8049073589616029,0.19509264103839705
763,0.769202460998577,0.23079753900142302
764,0.8756994645278755,0.12430053547212451
765,0.7554966512060809,0.2445033487939191
766,0.4057477996570221,0.5942522003429779
767,0.8702413745763554,0.1297586254236446
768,0.7292260400910683,0.2707739599089317
769,0.5817090683684951,0.41829093163150494
770,0.47873925215987834,0.5212607478401217
771,0.714839621128232,0.2851603788717681
772,0.871657271582539,0.12834272841746103
773,0.7369946051117593,0.2630053948882407
774,0.7392517309206317,0.26074826907936827
775,0.5258844364226437,0.4741155635773563
776,0.7367229647376765,0.26327703526232354
777,0.5928979258859854,0.40710207411401456
778,0.8281904246669352,0.17180957533306485
779,0.8258534834261645,0.17414651657383548
780,0.6818204035030985,0.31817959649690153
781,0.614280315351959,0.38571968464804096
782,0.6290676227573684,0.3709323772426317
783,0.7081788942585359,0.2918211057414642
784,0.8731286318754805,0.1268713681245195
785,0.30330918720940436,0.6966908127905956
786,0.708036602792721,0.291963397207279
787,0.6924067089344588,0.3075932910655413
788,0.662773377861508,0.33722662213849197
789,0.8252912164063327,0.17470878359366723
790,0.7991166678544073,0.20088333214559273
791,0.26240726514398294,0.7375927348560171
792,0.5901823588191415,0.40981764118085845
793,0.7248492893767848,0.2751507106232151
794,0.5371630350626997,0.4628369649373003
795,0.7489561816374647,0.2510438183625353
796,0.6393993177819932,0.36060068221800673
797,0.8982979979537644,0.10170200204623558
798,0.71567396151658,0.28432603848342
799,0.7135458786541087,0.2864541213458913
800,0.7457751953134835,0.2542248046865166
801,0.7941361793189652,0.20586382068103484
802,0.9085930241041483,0.09140697589585171
803,0.7833383617200921,0.21666163827990795
804,0.6352264307937816,0.36477356920621834
805,0.572084023892373,0.42791597610762705
806,0.735151120895884,0.26484887910411603
807,0.6215097797689421,0.37849022023105794
808,0.6114028871910905,0.3885971128089095
809,0.857633657998138,0.14236634200186205
810,0.6949858555541595,0.3050141444458405
811,0.8040376869564866,0.19596231304351341
812,0.7483946503030902,0.25160534969690984
813,0.6282388149067556,0.3717611850932444
814,0.6053912861837163,0.3946087138162837
815,0.8845385021704097,0.11546149782959031
816,0.8321489552549973,0.1678510447450027
817,0.8425036826276386,0.1574963173723614
818,0.6908925392209098,0.3091074607790902
819,0.6987707100600091,0.30122928993999093
820,0.8080534894401151,0.1919465105598849
821,0.4181228451930801,0.5818771548069199
822,0.6592023800924238,0.34079761990757623
823,0.5472028943933689,0.45279710560663117
824,0.8249250758641273,0.17507492413587267
825,0.6586096249522928,0.3413903750477072
826,0.7432538165558518,0.25674618344414823
827,0.5229906811993588,0.4770093188006412
828,0.5783156723892939,0.4216843276107061
829,0.7353575070836587,0.2646424929163413
830,0.6685405587686588,0.33145944123134125
831,0.741121575503738,0.25887842449626197
832,0.7142043556768649,0.2857956443231351
833,0.6726585540870366,0.32734144591296344
834,0.6673477239762097,0.3326522760237903
835,0.8084944179332546,0.1915055820667454
836,0.7602203221674394,0.2397796778325606
837,0.7008506074507818,0.29914939254921824
838,0.7030992695544752,0.2969007304455248
839,0.7941674452713923,0.20583255472860768
840,0.6910283304260969,0.3089716695739031
841,0.7129519735607242,0.2870480264392758
842,0.7013679125732352,0.29863208742676484
843,0.6011576393526084,0.3988423606473916
844,0.6065344430573139,0.3934655569426861
845,0.7134394894216501,0.28656051057834986
846,0.5503639639621196,0.4496360360378804
847,0.6922030406302495,0.30779695936975054
848,0.6978436316958461,0.3021563683041539
849,0.8268236344979596,0.1731763655020404
850,0.6427566037415509,0.3572433962584491
851,0.7372093215685807,0.2627906784314193
852,0.5338848731543124,0.46611512684568757
853,0.6791130372622588,0.3208869627377412
854,0.6305345129803014,0.3694654870196986
855,0.621078110562613,0.378921889437387
856,0.7994605849293422,0.20053941507065778
857,0.7088734868942672,0.2911265131057328
858,0.6582859344990946,0.3417140655009054
859,0.6701888814605308,0.32981111853946926
860,0.6305345129803014,0.3694654870196986
861,0.4035945836174123,0.5964054163825877
862,0.7462937188777021,0.2537062811222978
863,0.7623930772162204,0.23760692278377962
864,0.7120951980498695,0.2879048019501304
865,0.5696796456052029,0.4303203543947971
866,0.7667613694038257,0.23323863059617436
867,0.7508475269862956,0.24915247301370436
868,0.6702156419273698,0.3297843580726302
869,0.7387349413560372,0.26126505864396277
870,0.7133176670118173,0.28668233298818274
871,0.7758964834367952,0.2241035165632048
872,0.663795106142931,0.336204893857069
873,0.7572820205715547,0.24271797942844534
874,0.5975117639115977,0.4024882360884023
875,0.5286413777576743,0.4713586222423257
876,0.6159781568534362,0.3840218431465638
877,0.630819048451166,0.36918095154883407
878,0.5985808088764537,0.40141919112354635
879,0.5167658830468346,0.4832341169531654
880,0.7196234658273302,0.2803765341726699
881,0.4809637207587143,0.5190362792412857
882,0.7023902798028807,0.2976097201971193
883,0.8223065349794151,0.1776934650205849
884,0.7154089954383311,0.28459100456166886
885,0.47837092608735865,0.5216290739126414
886,0.834551787723298,0.1654482122767021
887,0.7365949674555299,0.2634050325444701
888,0.8121429778375174,0.1878570221624826
889,0.8007667863742659,0.1992332136257341
890,0.7640549882876422,0.23594501171235777
891,0.6356314692263727,0.36436853077362735
892,0.7714416359920535,0.2285583640079465
893,0.7378135158595212,0.2621864841404789
894,0.7355629325322612,0.2644370674677388
895,0.7318781105785443,0.26812188942145565
896,0.7876443185858443,0.2123556814141557
897,0.6192332042425339,0.380766795757466
898,0.8106604052120092,0.18933959478799078
899,0.4838832982448896,0.5161167017551104
900,0.8483271096219498,0.15167289037805018
901,0.7146358171852465,0.2853641828147535
902,0.5826384972478527,0.4173615027521473
903,0.723100645346424,0.27689935465357596
904,0.6855705338116277,0.3144294661883723
905,0.7348158562912963,0.26518414370870363
906,0.8163304873816197,0.18366951261838033
907,0.8445680712499365,0.15543192875006348
908,0.8273262792084428,0.17267372079155716
909,0.5752302539614884,0.42476974603851164
910,0.7050120514616613,0.2949879485383386
911,0.7649416452066071,0.23505835479339293
912,0.6293301309504731,0.37066986904952687
913,0.7751606892152639,0.2248393107847361
914,0.7157788254509758,0.2842211745490242
915,0.7012263182146243,0.29877368178537567
916,0.7345607408606781,0.26543925913932187
917,0.6425718910708729,0.35742810892912713
918,0.6937402910737953,0.3062597089262047
919,0.8111136201953577,0.18888637980464226
920,0.6352435587339904,0.36475644126600965
921,0.6384962300763211,0.36150376992367894
922,0.4933692067505906,0.5066307932494094
923,0.7955345031196985,0.2044654968803014
924,0.7079451570778076,0.2920548429221924
925,0.5422912012590257,0.4577087987409742
926,0.7793227580873601,0.22067724191263996
927,0.7821425902663377,0.21785740973366235
928,0.78076129337127,0.21923870662873002
929,0.6815138336535667,0.3184861663464334
930,0.8029472659196223,0.19705273408037768
931,0.6133297798353397,0.38667022016466035
932,0.5740883381977333,0.42591166180226675
933,0.7353052515747918,0.2646947484252082
934,0.8002201187958841,0.19977988120411597
935,0.7881761529170493,0.21182384708295066
936,0.512110263117508,0.48788973688249204
937,0.7435802769133336,0.2564197230866664
938,0.7010962051513536,0.29890379484864643
939,0.6196419930845667,0.38035800691543326
940,0.8533459686019209,0.14665403139807906
941,0.7823920747904086,0.2176079252095914
942,0.8872003077032931,0.11279969229670693
943,0.4438499781330586,0.5561500218669414
944,0.619930824570678,0.38006917542932195
945,0.7358430573009287,0.26415694269907136
946,0.7613990849904186,0.23860091500958136
947,0.7252526581682843,0.2747473418317156
948,0.4070705384160851,0.5929294615839149
949,0.5741246046287974,0.42587539537120256
950,0.6847429523435278,0.3152570476564722
951,0.8079191244249071,0.19208087557509296
952,0.6802247877565217,0.31977521224347827
953,0.6278601689856305,0.37213983101436954
954,0.7003314168041075,0.29966858319589246
955,0.845796380707604,0.154203619292396
956,0.5215361070462039,0.47846389295379604
957,0.23223381601729542,0.7677661839827046
958,0.7600712482371816,0.23992875176281833
959,0.6871764985863629,0.3128235014136371
960,0.6825878172771946,0.3174121827228054
961,0.5961459902657781,0.4038540097342219
962,0.702915522203074,0.29708447779692604
963,0.4531687041645719,0.5468312958354281
964,0.6683458552499715,0.3316541447500286
965,0.6663774544251693,0.33362254557483073
966,0.7905940238882355,0.20940597611176445
967,0.7261278207868528,0.2738721792131472
968,0.6041660620163398,0.3958339379836601
969,0.7804278348202184,0.21957216517978165
970,0.8082440175352863,0.19175598246471373
971,0.5985317180298876,0.4014682819701124
972,0.6548923958160688,0.3451076041839312
973,0.668524745529095,0.3314752544709049
974,0.5254563195062942,0.4745436804937057
975,0.82131295256509,0.1786870474349101
976,0.741324384878259,0.258675615121741
977,0.5502749895301878,0.44972501046981217
978,0.8109949922159441,0.18900500778405593
979,0.5466350911670708,0.4533649088329292
980,0.7676501400391029,0.23234985996089705
981,0.6933318986464296,0.30666810135357037
982,0.5144997604414122,0.4855002395585878
983,0.7109169113491848,0.2890830886508152
984,0.679199813410759,0.32080018658924103
985,0.6320149810686087,0.3679850189313914
986,0.3843704502481414,0.6156295497518586
987,0.5303394462600587,0.4696605537399413
988,0.7603420420488651,0.2396579579511349
989,0.8684074381285125,0.13159256187148755
990,0.7791846430009408,0.2208153569990592
991,0.5350480541789121,0.4649519458210879
992,0.7595717978556158,0.2404282021443842
993,0.6648608885516707,0.3351391114483293
994,0.6784439880941335,0.32155601190586647
995,0.6404960222491543,0.3595039777508458
996,0.4389293834697299,0.5610706165302701
997,0.7180774136737678,0.2819225863262323
998,0.6552212798348485,0.34477872016515154
999,0.5743656294676556,0.4256343705323445
1000,0.5478874696077914,0.45211253039220856
1001,0.8630820793137487,0.13691792068625133
1002,0.8057960483848692,0.19420395161513082
1003,0.7075204198903593,0.2924795801096407
1004,0.5151029660501818,0.48489703394981815
1005,0.5087917674376002,0.49120823256239976
1006,0.5966917774777427,0.4033082225222573
1007,0.5926126853130904,0.40738731468690964
1008,0.6040848541099468,0.3959151458900531
1009,0.7005894318657608,0.29941056813423916
1010,0.5903445886209863,0.40965541137901373
1011,0.6741363634904047,0.32586363650959527
1012,0.6902208789192732,0.30977912108072675
1013,0.6157203282698573,0.3842796717301426
1014,0.5576089840559177,0.44239101594408226
1015,0.6188301786178607,0.38116982138213923
1016,0.46090814113433987,0.5390918588656601
1017,0.7184483363900871,0.2815516636099129
1018,0.7604859288350907,0.23951407116490928
1019,0.3706636326462831,0.6293363673537169
1020,0.6125329202370335,0.3874670797629664
1021,0.5628757728984475,0.4371242271015525
1022,0.3639482661186316,0.6360517338813684
1023,0.4397941387782225,0.5602058612217775
1024,0.5657423144329516,0.4342576855670483
1025,0.6872228190302551,0.31277718096974494
1026,0.6964898995631588,0.3035101004368412
1027,0.8697577626969587,0.13024223730304127
1028,0.7223336072615287,0.27766639273847127
1029,0.7452287921762809,0.2547712078237191
1030,0.6908562795148925,0.3091437204851075
1031,0.8436284522301272,0.15637154776987278
1032,0.5031806740925195,0.4968193259074805
1033,0.6663625589180764,0.33363744108192356
1034,0.5820045340269504,0.41799546597304954
1035,0.6141830654534719,0.38581693454652816
1036,0.5414847976125724,0.4585152023874276
1037,0.6168873680143818,0.3831126319856182
1038,0.6997061917606751,0.3002938082393249
1039,0.6964643470550571,0.30353565294494284
1040,0.781863344654377,0.21813665534562304
1041,0.5683692273712182,0.43163077262878186
1042,0.5786632954221379,0.4213367045778621
1043,0.6983681323467532,0.30163186765324684
1044,0.6732080528479583,0.3267919471520417
1045,0.7315519874018748,0.26844801259812523
1046,0.47396535479838897,0.526034645201611
1047,0.7086653317837638,0.2913346682162362
1048,0.48615802260894714,0.5138419773910529
1049,0.7286814526504144,0.27131854734958566
1050,0.8610398597849892,0.1389601402150108
1051,0.4992754778826366,0.5007245221173634
1052,0.814771148839441,0.18522885116055898
1053,0.7625069019226511,0.23749309807734892
1054,0.541597954120026,0.45840204587997396
1055,0.8052980194962983,0.19470198050370172
1056,0.5932762870084848,0.4067237129915152
1057,0.7831026739681508,0.2168973260318492
1058,0.860518590209537,0.139481409790463
1059,0.5641865886685842,0.43581341133141577
1060,0.4819336369891086,0.5180663630108914
1061,0.7646676365190181,0.23533236348098185
1062,0.706754324969069,0.293245675030931
1063,0.7635509751691076,0.23644902483089233
1064,0.6778943499018315,0.32210565009816844
1065,0.8120535340763535,0.18794646592364656
1066,0.6873469077699577,0.3126530922300424
1067,0.6595532035508604,0.34044679644913955
1068,0.6388410839672831,0.3611589160327168
1069,0.6670748120664767,0.33292518793352327
1070,0.7859252532675426,0.21407474673245738
1071,0.4096019718650308,0.5903980281349692
1072,0.5919807754170511,0.4080192245829489
1073,0.6071942747360439,0.392805725263956
1074,0.4348449133603225,0.5651550866396775
1075,0.6435811330679249,0.3564188669320751
1076,0.5991458658494051,0.4008541341505949
1077,0.7924628216764819,0.20753717832351815
1078,0.4635542708864139,0.5364457291135861
1079,0.779972396734041,0.22002760326595905
1080,0.6281495434234128,0.3718504565765873
1081,0.45549976432711015,0.5445002356728899
1082,0.41816976677088236,0.5818302332291176
1083,0.4824669773844644,0.5175330226155356
1084,0.4036533541140246,0.5963466458859754
1085,0.7120419980370059,0.2879580019629941
1086,0.38251970937972213,0.6174802906202779
1087,0.4338052104516723,0.5661947895483277
1088,0.5175562103777602,0.48244378962223977
1089,0.2912708507810624,0.7087291492189376
1090,0.5469296403188455,0.4530703596811545
1091,0.5825573294587794,0.4174426705412206
1092,0.5322717232614274,0.46772827673857265
1093,0.4817333256159749,0.5182666743840251
1094,0.4382700026851398,0.5617299973148602
1095,0.7383539731672928,0.26164602683270727
1096,0.6255710344486733,0.3744289655513266
1097,0.6710321436719142,0.32896785632808584
1098,0.535754393023983,0.464245606976017
1099,0.4332508300599367,0.5667491699400633
1100,0.418796402315073,0.581203597684927
1101,0.39379282493718415,0.6062071750628159
1102,0.6363293134078775,0.36367068659212254
1103,0.5584370456084506,0.44156295439154936
1104,0.6455188197195376,0.3544811802804623
1105,0.5205250524798466,0.4794749475201534
1106,0.562807704320361,0.437192295679639
1107,0.5676182571750816,0.4323817428249183
1108,0.32560339197990706,0.6743966080200929
1109,0.6235487111575198,0.3764512888424802
1110,0.5832118500425973,0.41678814995740265
1111,0.7735667170808221,0.22643328291917783
1112,0.5448036431806024,0.45519635681939763
1113,0.4862795591357947,0.5137204408642053
1114,0.4895300278822592,0.5104699721177408
1115,0.42395419969959924,0.5760458003004008
1116,0.5887245010577338,0.4112754989422663
1117,0.5115853749031221,0.48841462509687794
1118,0.38752335116989256,0.6124766488301074
1119,0.5093115982727953,0.49068840172720474
1120,0.43804563290341036,0.5619543670965896
1121,0.3750645361220972,0.6249354638779028
1122,0.5888348382424862,0.4111651617575138
1123,0.7432171694774588,0.2567828305225412
1124,0.5535405004368307,0.4464594995631693
1125,0.7590499747324575,0.24095002526754256
1126,0.5628352565772407,0.43716474342275935
1127,0.6470423305043904,0.3529576694956096
1128,0.3668036587600936,0.6331963412399064
1129,0.6694533326053627,0.3305466673946374
1130,0.6651097697756405,0.33489023022435943
1131,0.4882836009420033,0.5117163990579967
1132,0.7179655111639789,0.2820344888360211
1133,0.42079477438984736,0.5792052256101526
1134,0.3238912204609129,0.6761087795390871
1135,0.3926207667546515,0.6073792332453485
1136,0.26159845212948707,0.7384015478705129
1137,0.40316080236857244,0.5968391976314276
1138,0.682332770057104,0.31766722994289603
1139,0.6146104131710538,0.3853895868289462
1140,0.4922292615781094,0.5077707384218906
1141,0.7424580384995321,0.2575419615004679
1142,0.24793918645945212,0.7520608135405479
1143,0.4952999039282935,0.5047000960717065
1144,0.4374153754311638,0.5625846245688362
1145,0.698903277653365,0.3010967223466349
1146,0.5060872619502348,0.4939127380497652
1147,0.6964352586837652,0.3035647413162348
1148,0.3858716622206485,0.6141283377793515
1149,0.5048559863764741,0.4951440136235259
1150,0.545904014737244,0.454095985262756
1151,0.5132600268816905,0.48673997311830947
1152,0.48560882978942044,0.5143911702105796
1153,0.6851963850201968,0.3148036149798032
1154,0.31294670622339127,0.6870532937766087
1155,0.4509545647579537,0.5490454352420463
1156,0.4741622495849296,0.5258377504150704
1157,0.6808198337383954,0.3191801662616046
1158,0.4068769212352308,0.5931230787647692
1159,0.4077749578618248,0.5922250421381752
1160,0.5890376164268321,0.410962383573168
1161,0.6302932316684717,0.36970676833152827
1162,0.4907107827538737,0.5092892172461263
1163,0.7732297718089839,0.2267702281910161
1164,0.7710940959840018,0.22890590401599822
1165,0.8029307688170888,0.19706923118291117
1166,0.49943232622253453,0.5005676737774655
1167,0.7577884785617435,0.2422115214382565
1168,0.7428062090618176,0.2571937909381824
1169,0.8341616554211572,0.16583834457884283
1170,0.5077147204748318,0.49228527952516826
1171,0.7127279125833592,0.28727208741664073
1172,0.8343035513962437,0.16569644860375632
1173,0.6441585366224282,0.35584146337757183
1174,0.6879900822637668,0.31200991773623316
1175,0.7393850872584842,0.2606149127415158
1176,0.7610297058251594,0.23897029417484061
1177,0.7280598663807394,0.27194013361926067
1178,0.6692986354931325,0.33070136450686755
1179,0.4736544151997656,0.5263455848002344
1180,0.40666789409738124,0.5933321059026188
1181,0.7987372743309702,0.20126272566902983
1182,0.6083931859764764,0.39160681402352365
1183,0.6085519507354755,0.39144804926452453
1184,0.5995813089407892,0.4004186910592108
1185,0.6580999895114205,0.34190001048857954
1186,0.5664852845199138,0.4335147154800862
1187,0.813408424063388,0.18659157593661202
1188,0.7097970173607837,0.2902029826392163
1189,0.6651954002310021,0.3348045997689979
1190,0.572352255328457,0.427647744671543
1191,0.4721378191089486,0.5278621808910514
1192,0.6476493238022946,0.35235067619770544
1193,0.519887374774805,0.48011262522519504
1194,0.8001729240437417,0.1998270759562583
1195,0.6045607984188185,0.3954392015811815
1196,0.6695335238945046,0.33046647610549545
1197,0.7023847137310903,0.2976152862689096
1198,0.6142817920303979,0.3857182079696021
1199,0.4785497439295212,0.5214502560704788
1200,0.6726697749261037,0.32733022507389636
1201,0.7683028905045641,0.23169710949543582
1202,0.7800731437718245,0.21992685622817554
1203,0.6888760512515066,0.3111239487484933
1204,0.8216200239407001,0.17837997605929992
1205,0.7544815364201235,0.2455184635798765
1206,0.6082805620090197,0.39171943799098036
1207,0.6252606028458033,0.3747393971541967
1208,0.43985561853672905,0.560144381463271
1209,0.7322506878888984,0.2677493121111016
1210,0.5941988145289125,0.40580118547108746
1211,0.7004374885661228,0.29956251143387724
1212,0.7500796501499147,0.24992034985008532
1213,0.6255450841502604,0.37445491584973956
1214,0.7578469781114006,0.24215302188859944
1215,0.8015448344383809,0.19845516556161907
1216,0.7435901233446585,0.25640987665534154
1217,0.6289258077853189,0.3710741922146811
1218,0.6996193531591616,0.30038064684083843
1219,0.5999018445791828,0.4000981554208171
1220,0.7360370803497274,0.2639629196502726
1221,0.8067881965116239,0.19321180348837613
1222,0.8586279041229039,0.1413720958770961
1223,0.7141494649060057,0.2858505350939943
1224,0.8240681942136696,0.1759318057863304
1225,0.6172650978497157,0.3827349021502843
1226,0.8230392597984445,0.17696074020155553
1227,0.8301271984965682,0.16987280150343173
1228,0.7806018857721194,0.21939811422788058
1229,0.8831758228967002,0.11682417710329988
1230,0.8080937344034514,0.19190626559654858
1231,0.8077159724506225,0.19228402754937746
1232,0.553398262236207,0.44660173776379297
1233,0.762496973211347,0.23750302678865295
1234,0.829985739483242,0.170014260516758
1235,0.7516371361684626,0.24836286383153738
1236,0.7828646770634035,0.21713532293659651
1237,0.6479824270494215,0.35201757295057845
1238,0.8302204477370465,0.16977955226295352
1239,0.7957138715922696,0.20428612840773036
1240,0.835915012919432,0.16408498708056798
1241,0.8471595297536043,0.1528404702463957
1242,0.7956749458149022,0.2043250541850979
1243,0.8632354979743438,0.13676450202565618
1244,0.8404482589137497,0.15955174108625025
1245,0.8711509522906417,0.12884904770935834
1246,0.8151301390353362,0.18486986096466382
1247,0.541150438766532,0.458849561233468
1248,0.6963863828021127,0.30361361719788726
1249,0.7672533690993569,0.23274663090064307
1250,0.621252505187379,0.378747494812621
1251,0.4331372312355667,0.5668627687644333
1252,0.6693128179022892,0.33068718209771075
1253,0.5391897414710634,0.4608102585289367
1254,0.5873338706426637,0.41266612935733626
1255,0.849757679432836,0.15024232056716405
1256,0.5804164963907362,0.4195835036092638
1257,0.38901055019212283,0.6109894498078772
1258,0.8175559766974686,0.18244402330253137
1259,0.41933152292977227,0.5806684770702277
1260,0.5181268262458549,0.4818731737541451
1261,0.8534758052172187,0.1465241947827814
1262,0.5456981630341551,0.4543018369658449
1263,0.7197504495305136,0.28024955046948646
1264,0.5475287454057982,0.4524712545942018
1265,0.7668022322135946,0.23319776778640547
1266,0.7927132887495867,0.2072867112504133
1267,0.7899162985257481,0.21008370147425193
1268,0.5976658593428195,0.4023341406571806
1269,0.7319496598620114,0.2680503401379886
1270,0.7820050430825635,0.21799495691743656
1271,0.8031036322368655,0.1968963677631345
1272,0.5479121052558407,0.45208789474415934
1273,0.6140425862377439,0.3859574137622561
1274,0.49434514567759047,0.5056548543224095
1275,0.7858454618157253,0.2141545381842747
1276,0.7188717333104162,0.28112826668958385
1277,0.7767245752768777,0.2232754247231224
1278,0.5895219415252861,0.4104780584747139
1279,0.6453973578263333,0.35460264217366666
1280,0.598310717283691,0.40168928271630905
1281,0.556287938362064,0.4437120616379359
1282,0.4331510182965205,0.5668489817034795
1283,0.2940096049744353,0.7059903950255647
1284,0.8366699318449052,0.1633300681550948
1285,0.5657384788391147,0.4342615211608853
1286,0.7912559922948997,0.2087440077051003
1287,0.7954299607801285,0.20457003921987152
1288,0.36783793158733613,0.6321620684126639
1289,0.8916343067759525,0.10836569322404756
1290,0.7872744244570599,0.2127255755429401
1291,0.780641306008173,0.21935869399182698
1292,0.7487299296159841,0.25127007038401594
1293,0.48194650836264874,0.5180534916373513
1294,0.5985674038861706,0.40143259611382937
1295,0.7140250803878232,0.2859749196121768
1296,0.43384740859020754,0.5661525914097925
1297,0.7171866512928184,0.2828133487071815
1298,0.5704581319242634,0.4295418680757366
1299,0.5796980083206773,0.4203019916793227
1300,0.704959736950564,0.29504026304943604
1301,0.5475287454057982,0.4524712545942018
1302,0.8381010228844687,0.16189897711553122
1303,0.7107215166156766,0.2892784833843234
1304,0.8630172037165775,0.13698279628342253
1305,0.7236384678125614,0.27636153218743864
1306,0.7081788942585359,0.2918211057414642
1307,0.7412568428969747,0.2587431571030253
1308,0.7221904053718639,0.27780959462813615
1309,0.7747366087775144,0.22526339122248562
1310,0.5091753655940785,0.49082463440592156
1311,0.7137207554248817,0.28627924457511833
1312,0.6252747907592726,0.3747252092407274
1313,0.62138678306266,0.37861321693733996
1314,0.715440600329435,0.284559399670565
1315,0.49818308552932833,0.5018169144706717
1316,0.44247080863904364,0.5575291913609564
1317,0.7151953480012061,0.28480465199879396
1318,0.27057955643851594,0.729420443561484
1319,0.49546296508326426,0.5045370349167357
1320,0.7644158834471773,0.2355841165528228
1321,0.7427739816557732,0.2572260183442267
1322,0.7835951635268454,0.21640483647315453
1323,0.8925744029379481,0.10742559706205188
1324,0.7203820374909566,0.2796179625090433
1325,0.3120281832750522,0.6879718167249478
1326,0.37820738499030826,0.6217926150096917
1327,0.5796643904694554,0.42033560953054466
1328,0.5119875959781929,0.4880124040218071
1329,0.7898102084284311,0.21018979157156892
1330,0.7663154294084442,0.23368457059155573
1331,0.6642795010992446,0.33572049890075534
1332,0.6210382879499863,0.3789617120500138
1333,0.7120316397114435,0.2879683602885566
1334,0.7790327624138242,0.22096723758617579
1335,0.7811630423830651,0.21883695761693492
1336,0.8059659994056367,0.1940340005943633
1337,0.6312745660752701,0.36872543392472995
1338,0.7532493543676477,0.24675064563235233
1339,0.7747366087775144,0.22526339122248562
1340,0.8293862196774595,0.17061378032254046
1341,0.811154901832371,0.18884509816762893
1342,0.4221124819579253,0.5778875180420747
1343,0.5984903144309188,0.4015096855690811
1344,0.4932495887084557,0.5067504112915443
1345,0.547408969267525,0.4525910307324749
1346,0.7069659771146264,0.29303402288537367
1347,0.7344065624659377,0.2655934375340622
1348,0.5594602159948885,0.44053978400511157
1349,0.679096150069744,0.320903849930256
1350,0.6644706303074412,0.33552936969255875
1351,0.5789316409288321,0.42106835907116796
1352,0.7373515794624617,0.2626484205375383
1353,0.6961619750575404,0.3038380249424596
1354,0.8117335969914158,0.1882664030085842
1355,0.774942592100416,0.22505740789958392
1356,0.6316810224631988,0.36831897753680126
1357,0.7642998151778584,0.23570018482214164
1358,0.4219011272363521,0.5780988727636479
1359,0.8016939764586408,0.19830602354135918
1360,0.5527703654565455,0.4472296345434546
1361,0.6942972552505022,0.30570274474949777
1362,0.805493838791363,0.19450616120863695
1363,0.7560340134106772,0.2439659865893228
1364,0.734292987656779,0.265707012343221
1365,0.3986026879576785,0.6013973120423215
1366,0.8171254514377673,0.18287454856223267
1367,0.6976467905544292,0.30235320944557076
1368,0.714510944937921,0.285489055062079
1369,0.5991235720934545,0.4008764279065455
1370,0.7888148016185067,0.21118519838149333
1371,0.5547469491089656,0.44525305089103434
1372,0.6614698321553985,0.33853016784460155
1373,0.689446929375306,0.310553070624694
1374,0.7134855251078007,0.2865144748921993
1375,0.603511071413398,0.396488928586602
1376,0.750753789426308,0.24924621057369198
1377,0.7794573064451293,0.22054269355487063
1378,0.6160812329151395,0.3839187670848605
1379,0.7343236805373039,0.2656763194626961
1380,0.8125458535250455,0.18745414647495454
1381,0.8033174094624587,0.1966825905375414
1382,0.7269837516366033,0.2730162483633967
1383,0.8242898088034253,0.17571019119657474
1384,0.8438667908472952,0.15613320915270482
1385,0.6721324906832241,0.3278675093167759
1386,0.6609328796499903,0.33906712035000974
1387,0.7340283837462072,0.2659716162537929
1388,0.5650812354433656,0.4349187645566344
1389,0.7457516877013084,0.25424831229869166
1390,0.6871608427536655,0.3128391572463345
1391,0.7826470473944247,0.21735295260557527
1392,0.8769087600201863,0.12309123997981374
1393,0.6104990214369636,0.38950097856303645
1394,0.6946247333510988,0.30537526664890124
1395,0.8119647064001576,0.18803529359984242
1396,0.896008963858083,0.10399103614191701
1397,0.6124342252785064,0.3875657747214935
1398,0.7218913719780787,0.27810862802192127
1399,0.6552729037016323,0.34472709629836773
1400,0.8571852000269743,0.1428147999730257
1401,0.6308552852648317,0.3691447147351683
1402,0.5613150825664761,0.4386849174335239
1403,0.6180921341338518,0.3819078658661482
1404,0.6997103266648508,0.3002896733351492
1405,0.7223745261733625,0.27762547382663744
1406,0.6806553763534361,0.3193446236465639
1407,0.7908531012649405,0.20914689873505954
1408,0.7569520960616145,0.24304790393838543
1409,0.5652089753357403,0.43479102466425973
1410,0.7305881288351384,0.2694118711648617
1411,0.7676477202651304,0.23235227973486958
1412,0.7227606495013693,0.2772393504986307
1413,0.7123406496051666,0.28765935039483337
1414,0.5280720969364783,0.4719279030635217
1415,0.7005385942903911,0.2994614057096089
1416,0.844588543110192,0.1554114568898079
1417,0.7324477013705113,0.26755229862948865
1418,0.6540235981220965,0.3459764018779034
1419,0.7048165337020238,0.2951834662979762
1420,0.7084238380458021,0.2915761619541979
1421,0.7136122173564843,0.2863877826435158
1422,0.7100426936352573,0.2899573063647427
1423,0.6386768589054894,0.3613231410945105
1424,0.6336883067149064,0.3663116932850936
1425,0.6470605710267558,0.3529394289732442
1426,0.781475065437393,0.21852493456260702
1427,0.6855436801935956,0.3144563198064044
1428,0.7471474824168336,0.25285251758316646
1429,0.7242734781201268,0.2757265218798732
1430,0.7968800408752257,0.20311995912477437
1431,0.5871108498417245,0.41288915015827554
1432,0.5074562740096464,0.49254372599035356
1433,0.7715103659288979,0.22848963407110215
1434,0.5268579173168733,0.47314208268312674
1435,0.8182917489000272,0.18170825109997274
1436,0.6162905368451725,0.38370946315482746
1437,0.7076889124568547,0.2923110875431453
1438,0.5791239139876774,0.4208760860123227
1439,0.730877839270117,0.2691221607298831
1440,0.7279580852850015,0.2720419147149985
1441,0.7514014415405865,0.24859855845941353
1442,0.801599447225869,0.198400552774131
1443,0.7739069110726802,0.22609308892731986
1444,0.5533440840949659,0.446655915905034
1445,0.4101369545153647,0.5898630454846353
1446,0.6009980677001512,0.39900193229984876
1447,0.6816181548151455,0.31838184518485446
1448,0.5456307545577128,0.4543692454422872
1449,0.6730693320585596,0.32693066794144043
1450,0.7216393262570513,0.27836067374294865
1451,0.7893648817367392,0.21063511826326078
1452,0.7661858863630777,0.23381411363692226
1453,0.5574712078317816,0.44252879216821844
1454,0.7078410256809878,0.29215897431901217
1455,0.5916456248942894,0.40835437510571065
1456,0.6613795071437296,0.3386204928562704
1457,0.5882622375938844,0.41173776240611565
1458,0.7840078600399822,0.2159921399600177
1459,0.7072272724258004,0.29277272757419953
1460,0.7573217971955262,0.24267820280447389
1461,0.8135831616108262,0.18641683838917375
1462,0.6965378909503551,0.3034621090496449
1463,0.8384580081823719,0.1615419918176281
1464,0.6438061907976336,0.3561938092023664
1465,0.6790936365350629,0.32090636346493706
1466,0.6592577451367609,0.3407422548632391
1467,0.6562274639221837,0.3437725360778163
1468,0.8420734037292594,0.15792659627074054
1469,0.787122602789719,0.21287739721028098
1470,0.7606305505721459,0.2393694494278541
1471,0.9074190233448479,0.09258097665515208
1472,0.7961656598044863,0.2038343401955137
1473,0.820617381072135,0.17938261892786503
1474,0.8338195092508984,0.16618049074910163
1475,0.7406892423864557,0.2593107576135443
1476,0.8229555024760489,0.17704449752395116
1477,0.738105231649554,0.26189476835044606
1478,0.7922271572001552,0.20777284279984476
1479,0.8288818061118177,0.17111819388818228
1480,0.8929761023908607,0.10702389760913936
1481,0.8014857554044327,0.19851424459556735
1482,0.7907929615549256,0.20920703844507438
1483,0.46077133350025345,0.5392286664997465
1484,0.6016076699112344,0.3983923300887656
1485,0.7930758015983601,0.2069241984016399
1486,0.8509520685903751,0.14904793140962494
1487,0.8180386029208524,0.18196139707914766
1488,0.7335987814445539,0.26640121855544613
1489,0.7723113825173286,0.2276886174826714
1490,0.7361321379232082,0.2638678620767918
1491,0.769820949075878,0.23017905092412208
1492,0.8003161895598729,0.19968381044012706
1493,0.873736758531992,0.12626324146800802
1494,0.7117328858036409,0.2882671141963591
1495,0.8028876544448424,0.1971123455551576
1496,0.9025026153107131,0.09749738468928693
1497,0.8997623951587428,0.10023760484125725
1498,0.8295020185409512,0.17049798145904888
1499,0.7234288532233533,0.2765711467766468
1500,0.8003823391448058,0.1996176608551942
1501,0.9036335352042939,0.09636646479570608
1502,0.9214203745093854,0.07857962549061455
1503,0.748552435832579,0.25144756416742103
1504,0.8999544788836504,0.10004552111634958
1505,0.840059086045389,0.15994091395461096
1506,0.6542841097632147,0.3457158902367853
1507,0.5369311663596308,0.4630688336403692
1508,0.3623863573819692,0.6376136426180308
1509,0.9154269660925843,0.08457303390741565
1510,0.6725927203719859,0.327407279628014
1511,0.8202282179580567,0.17977178204194333
1512,0.8116213037573877,0.1883786962426123
1513,0.8484164547210926,0.15158354527890733
1514,0.7740065989172576,0.22599340108274238
1515,0.6916918992355232,0.30830810076447684
1516,0.5743464124114916,0.4256535875885083
1517,0.7019128475138678,0.29808715248613216
1518,0.768728302990255,0.2312716970097451
1519,0.850813002470177,0.14918699752982295
1520,0.7128639784524609,0.2871360215475391
1521,0.6964746513282558,0.30352534867174424
1522,0.8082881697945773,0.1917118302054227
1523,0.7922383586498608,0.20776164135013922
1524,0.7676039202474714,0.23239607975252866
1525,0.786010549407858,0.213989450592142
1526,0.8039463126444425,0.19605368735555748
1527,0.7882285847396098,0.21177141526039023
1528,0.6865771776076073,0.31342282239239266
1529,0.8179037849900688,0.18209621500993117
1530,0.7393497688474129,0.26065023115258706
1531,0.846192817416771,0.15380718258322895
1532,0.8239787891806037,0.17602121081939628
1533,0.5401243133109477,0.4598756866890523
1534,0.7482747264056044,0.25172527359439556
1535,0.4805657213850799,0.5194342786149201
1536,0.7382365216803877,0.2617634783196123
1537,0.7395924694345504,0.2604075305654496
1538,0.8653852797959416,0.1346147202040584
1539,0.7202651677173029,0.27973483228269713
1540,0.6883510175903726,0.3116489824096274
1541,0.6183898379191893,0.38161016208081067
1542,0.6836759606052866,0.31632403939471343
1543,0.7069857593181725,0.29301424068182746
1544,0.5666203346034475,0.4333796653965525
1545,0.6945279078750488,0.30547209212495124
1546,0.8200122630601954,0.1799877369398046
1547,0.6825018338561101,0.3174981661438899
1548,0.7815585895432636,0.21844141045673635
1549,0.8651570056817426,0.1348429943182574
1550,0.5780694217646859,0.4219305782353141
1551,0.689831336413154,0.310168663586846
1552,0.7544274143641554,0.24557258563584466
1553,0.29634344937559165,0.7036565506244084
1554,0.7268908693045989,0.2731091306954011
1555,0.5197248582317336,0.48027514176826636
1556,0.7764062161302905,0.22359378386970946
1557,0.6551836672137112,0.3448163327862888
1558,0.7726450909066512,0.22735490909334874
1559,0.6758016226476642,0.3241983773523358
1560,0.75377486908465,0.2462251309153501
1561,0.9024879408269483,0.09751205917305174
1562,0.7396274273987593,0.26037257260124064
1563,0.7045156434299387,0.2954843565700614
1564,0.7206407754403847,0.27935922455961526
1565,0.8128436778989994,0.18715632210100067
1566,0.6417623271556798,0.3582376728443201
1567,0.7307045199660152,0.2692954800339849
1568,0.6496795426408988,0.3503204573591012
1569,0.7160907571966777,0.28390924280332225
1570,0.6773293327434767,0.32267066725652327
1571,0.46914853872804774,0.5308514612719523
1572,0.8429902796747677,0.15700972032523225
1573,0.6347923198687014,0.36520768013129856
1574,0.8406321109213564,0.15936788907864358
1575,0.7169619767077793,0.2830380232922207
1576,0.8009958682718252,0.19900413172817472
1577,0.7471945535320021,0.2528054464679978
1578,0.6262933006940086,0.3737066993059915
1579,0.8028105289597167,0.19718947104028328
1580,0.4618252305074938,0.5381747694925062
1581,0.5225787915578864,0.47742120844211355
1582,0.715596668624938,0.284403331375062
1583,0.7802686189374295,0.21973138106257048
1584,0.7013697817636642,0.2986302182363359
1585,0.7013376994696414,0.29866230053035864
1586,0.7109086200320004,0.2890913799679996
1587,0.5290494336720373,0.47095056632796267
1588,0.6814956002302732,0.3185043997697267
1589,0.7758514435499717,0.22414855645002832
1590,0.7382679170663726,0.2617320829336274
1591,0.7475522302486807,0.25244776975131933
1592,0.8000486487128181,0.1999513512871819
1593,0.6888886605222737,0.31111133947772623
1594,0.7009293140542149,0.2990706859457851
1595,0.827310961283795,0.17268903871620503
1596,0.7269904856266685,0.2730095143733316
1597,0.6355946521847982,0.3644053478152019
1598,0.7457662766480777,0.25423372335192235
1599,0.8843727312724227,0.11562726872757731
1600,0.743817451441879,0.25618254855812095
1601,0.6818057408622735,0.3181942591377265
1602,0.880279400508711,0.11972059949128896
1603,0.6067134254076954,0.3932865745923047
1604,0.684105163635209,0.315894836364791
1605,0.5816734128575065,0.4183265871424935
1606,0.6212458121342714,0.37875418786572856
1607,0.6545870932969688,0.3454129067030311
1608,0.5991065270780089,0.400893472921991
1609,0.6631332059056879,0.3368667940943121
1610,0.6974241564236399,0.3025758435763602
1611,0.6108367753152928,0.38916322468470715
1612,0.7682759528767158,0.2317240471232842
1613,0.7244804289385125,0.27551957106148756
1614,0.4934487739203637,0.5065512260796363
1615,0.7898271860019251,0.21017281399807483
1616,0.6949731614494139,0.30502683855058615
1617,0.6074341324068233,0.3925658675931767
1618,0.6549647998181634,0.3450352001818367
1619,0.7880148054519683,0.2119851945480317
1620,0.6612196299235706,0.3387803700764293
1621,0.8487336805401846,0.15126631945981545
1622,0.7695029923684237,0.2304970076315763
1623,0.7559122368524778,0.24408776314752217
1624,0.4374759932387263,0.5625240067612737
1625,0.6071890943076992,0.39281090569230087
1626,0.6554730449571295,0.3445269550428705
1627,0.7634398003950842,0.23656019960491584
1628,0.6228790110569506,0.3771209889430494
1629,0.7062125557673136,0.2937874442326864
1630,0.5383182455257378,0.46168175447426213
1631,0.6612196299235706,0.3387803700764293
1632,0.7985152772611221,0.20148472273887783
1633,0.8485768445331099,0.15142315546689017
1634,0.7742780615734559,0.22572193842654406
1635,0.8645372602130594,0.1354627397869405
1636,0.7115419013306501,0.28845809866934996
1637,0.8515772928231506,0.14842270717684938
1638,0.8030742300133595,0.19692576998664044
1639,0.6612111934085441,0.338788806591456
1640,0.37289562057274284,0.6271043794272572
1641,0.8570612379764486,0.14293876202355144
1642,0.534945901112815,0.46505409888718496
1643,0.8186052809470306,0.18139471905296944
1644,0.7547960620268184,0.24520393797318166
1645,0.6874157012220479,0.31258429877795213
1646,0.6188649456724835,0.38113505432751643
1647,0.7731131507244042,0.22688684927559583
1648,0.6621337509674794,0.33786624903252066
1649,0.7737198978081583,0.22628010219184166
1650,0.6493516434050534,0.35064835659494664
1651,0.5778949849127355,0.42210501508726456
1652,0.5601016219860174,0.43989837801398257
1653,0.7455350828194904,0.25446491718050956
1654,0.6883733829282593,0.31162661707174066
1655,0.5216874647715655,0.4783125352284346
1656,0.7818058364336,0.2181941635664
1657,0.534149084617554,0.46585091538244605
1658,0.688295361056898,0.311704638943102
1659,0.816248131965647,0.18375186803435298
1660,0.6647588731530067,0.3352411268469933
1661,0.8703333181782853,0.12966668182171465
1662,0.8132812862021401,0.18671871379785984
1663,0.7360212696745809,0.2639787303254191
1664,0.7581790975558318,0.24182090244416823
1665,0.6350703317028177,0.3649296682971824
1666,0.8288569891519806,0.1711430108480194
1667,0.620120895751178,0.379879104248822
1668,0.7330037698855563,0.2669962301144438
1669,0.8785536257020469,0.12144637429795313
1670,0.6696554304310254,0.33034456956897457
1671,0.7762077695600554,0.2237922304399446
1672,0.6960776552030443,0.30392234479695573
1673,0.828273635688523,0.17172636431147706
1674,0.6167220729337115,0.38327792706628844
1675,0.7178397197249631,0.28216028027503687
1676,0.7641727841144977,0.2358272158855023
1677,0.7607361434808116,0.23926385651918838
1678,0.7406700078919212,0.25932999210807883
1679,0.6404524291454257,0.35954757085457434
1680,0.819741610335188,0.18025838966481195
1681,0.81032279246487,0.18967720753512993
1682,0.7502432359625968,0.24975676403740324
1683,0.8131238584544076,0.18687614154559237
1684,0.725271192018653,0.27472880798134697
1685,0.8214200233962228,0.17857997660377728
1686,0.8265725284918535,0.17342747150814647
1687,0.7111140848158781,0.2888859151841218
1688,0.6558193314731813,0.3441806685268187
1689,0.6923387589005655,0.3076612410994345
1690,0.7075758767730158,0.29242412322698424
1691,0.7392393739610135,0.26076062603898653
1692,0.8535451477846603,0.14645485221533966
1693,0.665733910117807,0.3342660898821929
1694,0.5239161049237779,0.4760838950762221
1695,0.8094694419084998,0.19053055809150027
1696,0.6434575268235079,0.3565424731764921
1697,0.8675650544079392,0.13243494559206082
1698,0.7437656828942634,0.2562343171057367
1699,0.7900370042397906,0.20996299576020933
1700,0.7627763594011167,0.23722364059888337
1701,0.8187549181848764,0.18124508181512353
1702,0.7996933343359024,0.2003066656640976
1703,0.841169399474591,0.15883060052540898
1704,0.7462410451665394,0.25375895483346056
1705,0.6889192757913468,0.3110807242086532
1706,0.7096986117596935,0.2903013882403065
1707,0.8643348007192535,0.13566519928074644
1708,0.8362197575224402,0.1637802424775599
1709,0.7626868561264607,0.23731314387353933
1710,0.8305480801026588,0.1694519198973412
1711,0.8319700557951939,0.1680299442048061
1712,0.881975148519182,0.11802485148081804
1713,0.7703941964438376,0.22960580355616247
1714,0.7027302810167175,0.29726971898328247
1715,0.7630970746254078,0.23690292537459226
1716,0.7220381366901031,0.2779618633098969
1717,0.63000752849647,0.36999247150353
