,bert_0,bert_1
0,0.9852924942970276,0.014707468450069427
1,0.9885460734367371,0.011453988961875439
2,0.9915356636047363,0.00846427958458662
3,0.9644657969474792,0.03553423285484314
4,0.9774132370948792,0.022586816921830177
5,0.993989109992981,0.006010884419083595
6,0.9869133830070496,0.01308660302311182
7,0.9927636981010437,0.007236259989440441
8,0.9726616144180298,0.027338437736034393
9,0.9936103224754333,0.006389601156115532
10,0.9842755198478699,0.015724508091807365
11,0.960295557975769,0.03970446437597275
12,0.9907881617546082,0.009211859665811062
13,0.9786555767059326,0.02134445123374462
14,0.9871780872344971,0.012821926735341549
15,0.9916834831237793,0.008316517807543278
16,0.9637646079063416,0.03623535484075546
17,0.9838461875915527,0.016153834760189056
18,0.98358154296875,0.016418447718024254
19,0.9916698932647705,0.008330068551003933
20,0.9940170049667358,0.005983029492199421
21,0.9838815927505493,0.016118407249450684
22,0.9857982993125916,0.01420174352824688
23,0.9888644218444824,0.011135631240904331
24,0.5372917056083679,0.4627082943916321
25,0.9640787243843079,0.03592126443982124
26,0.9574329257011414,0.04256705939769745
27,0.5814629793167114,0.4185369908809662
28,0.09224403649568558,0.9077559113502502
29,0.5089089870452881,0.4910910129547119
30,0.9230920076370239,0.07690800726413727
31,0.41764724254608154,0.5823527574539185
32,0.5431841611862183,0.45681580901145935
33,0.7290871143341064,0.27091285586357117
34,0.9596808552742004,0.040319137275218964
35,0.9297407269477844,0.07025928050279617
36,0.9914348721504211,0.008565151132643223
37,0.04897395521402359,0.9510260224342346
38,0.6409457325935364,0.35905423760414124
39,0.7140827178955078,0.28591734170913696
40,0.11093589663505554,0.8890641331672668
41,0.06717832386493683,0.9328216910362244
42,0.0391412228345871,0.9608587026596069
43,0.9847365021705627,0.015263456851243973
44,0.030933348461985588,0.9690666198730469
45,0.03042391687631607,0.9695760607719421
46,0.031513262540102005,0.9684867262840271
47,0.9736468195915222,0.026353174820542336
48,0.042253319174051285,0.957746684551239
49,0.8595887422561646,0.14041124284267426
50,0.8232788443565369,0.17672115564346313
51,0.6252664923667908,0.37473344802856445
52,0.9857957363128662,0.014204245992004871
53,0.9897403717041016,0.010259567759931087
54,0.05760451406240463,0.9423954486846924
55,0.04406244307756424,0.9559375047683716
56,0.7025979161262512,0.2974020838737488
57,0.5275866985321045,0.4724133610725403
58,0.2930862605571747,0.7069137096405029
59,0.7432447671890259,0.2567552924156189
60,0.9579545855522156,0.0420454740524292
61,0.8064450025558472,0.19355501234531403
62,0.2963666319847107,0.7036333084106445
63,0.987818717956543,0.01218130812048912
64,0.8517397046089172,0.14826032519340515
65,0.9129242300987244,0.08707571029663086
66,0.9771353006362915,0.022864684462547302
67,0.04113727807998657,0.9588627815246582
68,0.5857700705528259,0.4142298996448517
69,0.9807800650596619,0.019219916313886642
70,0.06682886928319931,0.9331710934638977
71,0.08644130080938339,0.9135586619377136
72,0.4301659166812897,0.5698340535163879
73,0.9858856201171875,0.014114349149167538
74,0.07447539269924164,0.9255245923995972
75,0.10350643843412399,0.8964936137199402
76,0.06613071262836456,0.9338693022727966
77,0.6912108063697815,0.3087892532348633
78,0.03085300512611866,0.9691470265388489
79,0.9708108901977539,0.029189154505729675
80,0.9892284870147705,0.01077154278755188
81,0.9930422306060791,0.006957793142646551
82,0.32930389046669006,0.6706960797309875
83,0.9753815531730652,0.024618444964289665
84,0.31491371989250183,0.6850862503051758
85,0.991614818572998,0.00838515069335699
86,0.9763877391815186,0.023612286895513535
87,0.9687625765800476,0.031237401068210602
88,0.04352521896362305,0.956474781036377
89,0.9775193929672241,0.02248062752187252
90,0.9771939516067505,0.02280610054731369
91,0.9878042936325073,0.012195643037557602
92,0.7576313614845276,0.2423686981201172
93,0.9795133471488953,0.020486630499362946
94,0.9930599927902222,0.006940028164535761
95,0.9679059982299805,0.032093990594148636
96,0.9916486740112305,0.008351346477866173
97,0.9227975606918335,0.0772024616599083
98,0.9901137351989746,0.009886209852993488
99,0.029676344245672226,0.9703236222267151
100,0.10027848184108734,0.8997215628623962
101,0.9871785640716553,0.012821479700505733
102,0.9885565042495728,0.011443453840911388
103,0.9834844470024109,0.016515571624040604
104,0.9419634342193604,0.05803665146231651
105,0.977622926235199,0.02237708307802677
106,0.9657162427902222,0.03428374603390694
107,0.9842460751533508,0.015753958374261856
108,0.9597049355506897,0.04029511287808418
109,0.98734050989151,0.012659464962780476
110,0.988543689250946,0.01145632192492485
111,0.9917627573013306,0.0082372622564435
112,0.9928855299949646,0.00711444579064846
113,0.9707106947898865,0.029289275407791138
114,0.8426451086997986,0.15735487639904022
115,0.989224374294281,0.010775581933557987
116,0.7939212322235107,0.20607879757881165
117,0.9846578240394592,0.015342230908572674
118,0.9399513602256775,0.0600486621260643
119,0.8927702903747559,0.10722970962524414
120,0.821803629398346,0.17819640040397644
121,0.9642501473426819,0.03574984520673752
122,0.15002943575382233,0.8499705791473389
123,0.9741463661193848,0.025853697210550308
124,0.9824650883674622,0.01753493957221508
125,0.9834945797920227,0.0165054053068161
126,0.11434110999107361,0.885658860206604
127,0.9925651550292969,0.007434834260493517
128,0.9895408749580383,0.010459191165864468
129,0.6550803780555725,0.3449196517467499
130,0.11009582132101059,0.8899042010307312
131,0.9753621220588684,0.02463786117732525
132,0.9753621220588684,0.02463786117732525
133,0.9521279335021973,0.04787203669548035
134,0.9887332916259766,0.011266710236668587
135,0.9789665937423706,0.02103341929614544
136,0.9929973483085632,0.007002637721598148
137,0.9896352887153625,0.010364688001573086
138,0.9921365976333618,0.007863415405154228
139,0.9806700944900513,0.019329875707626343
140,0.9949525594711304,0.005047408398240805
141,0.9413847327232361,0.058615297079086304
142,0.1954009234905243,0.8045990467071533
143,0.9893970489501953,0.010602975264191628
144,0.9519160389900208,0.04808397218585014
145,0.9938555359840393,0.006144439801573753
146,0.9772093892097473,0.022790567949414253
147,0.16587130725383759,0.8341286778450012
148,0.9919599890708923,0.008039972744882107
149,0.9909265041351318,0.009073445573449135
150,0.993631899356842,0.00636814022436738
151,0.9916845560073853,0.00831539649516344
152,0.8345276713371277,0.16547229886054993
153,0.9464665651321411,0.05353347957134247
154,0.3041459619998932,0.6958540081977844
155,0.9878100156784058,0.01219005137681961
156,0.02531254105269909,0.9746875166893005
157,0.04802131652832031,0.9519787430763245
158,0.9391642808914185,0.060835644602775574
159,0.21393896639347076,0.7860610485076904
160,0.9797034859657288,0.02029653824865818
161,0.38888341188430786,0.6111165881156921
162,0.9565798044204712,0.04342018812894821
163,0.7803040742874146,0.21969594061374664
164,0.8117542862892151,0.18824566900730133
165,0.39279705286026,0.60720294713974
166,0.09009194374084473,0.9099080562591553
167,0.5077629685401917,0.49223706126213074
168,0.9194641709327698,0.08053581416606903
169,0.10143852978944778,0.8985614776611328
170,0.9711831212043762,0.028816891834139824
171,0.9282543063163757,0.07174573093652725
172,0.9781871438026428,0.021812841296195984
173,0.23472154140472412,0.7652785181999207
174,0.9742069840431213,0.025793053209781647
175,0.9492306113243103,0.05076945200562477
176,0.9842521548271179,0.01574784517288208
177,0.9752382040023804,0.024761803448200226
178,0.05369886755943298,0.9463011622428894
179,0.9935649037361145,0.006435114424675703
180,0.9790061116218567,0.020993877202272415
181,0.9898527264595032,0.010147213004529476
182,0.9898763298988342,0.010123629122972488
183,0.9872223734855652,0.012777592055499554
184,0.7226083278656006,0.2773916721343994
185,0.9290238618850708,0.07097610831260681
186,0.9682972431182861,0.03170277178287506
187,0.5767974257469177,0.42320260405540466
188,0.9787797331809998,0.021220257505774498
189,0.11710917949676514,0.8828908205032349
190,0.9756003618240356,0.024399632588028908
191,0.7684912085533142,0.23150880634784698
192,0.9828023314476013,0.017197690904140472
193,0.9931519031524658,0.006848033983260393
194,0.7817649245262146,0.21823513507843018
195,0.9865989685058594,0.01340108085423708
196,0.9943555593490601,0.005644523072987795
197,0.7214472889900208,0.27855271100997925
198,0.7161415815353394,0.28385844826698303
199,0.8935562968254089,0.10644376277923584
200,0.04352591559290886,0.9564741253852844
201,0.9845624566078186,0.015437519177794456
202,0.9497894644737244,0.05021056532859802
203,0.8899244666099548,0.11007550358772278
204,0.41741007566452026,0.582589864730835
205,0.14928463101387024,0.8507153391838074
206,0.6420139074325562,0.35798612236976624
207,0.9909923076629639,0.009007731452584267
208,0.9842520356178284,0.01574796438217163
209,0.14807762205600739,0.8519223928451538
210,0.9919486045837402,0.008051317185163498
211,0.8072871565818787,0.19271279871463776
212,0.6466456651687622,0.3533543050289154
213,0.8631944060325623,0.13680551946163177
214,0.774112343788147,0.22588761150836945
215,0.4770371615886688,0.5229628086090088
216,0.9532040357589722,0.0467960350215435
217,0.983228862285614,0.016771158203482628
218,0.9896386861801147,0.010361348278820515
219,0.9913004040718079,0.008699644356966019
220,0.27624401450157166,0.723755955696106
221,0.9543446898460388,0.045655328780412674
222,0.9804102778434753,0.01958971843123436
223,0.09286250174045563,0.9071375131607056
224,0.9912710189819336,0.008729038760066032
225,0.9412550330162048,0.05874498933553696
226,0.9617976546287537,0.03820229321718216
227,0.05943389981985092,0.9405661225318909
228,0.9814808368682861,0.018519127741456032
229,0.8084491491317749,0.1915508657693863
230,0.1243833526968956,0.8756166696548462
231,0.9820479154586792,0.017952047288417816
232,0.5295255184173584,0.4704744219779968
233,0.7258385419845581,0.2741614878177643
234,0.9808775186538696,0.019122472032904625
235,0.14695368707180023,0.8530462980270386
236,0.39100316166877747,0.6089968085289001
237,0.9919396042823792,0.008060417138040066
238,0.9486066102981567,0.05139342322945595
239,0.400081992149353,0.599918007850647
240,0.21538124978542328,0.7846187949180603
241,0.052285198122262955,0.9477147459983826
242,0.9218190908432007,0.0781809613108635
243,0.7710981369018555,0.22890184819698334
244,0.9893611073493958,0.010638849809765816
245,0.7630214095115662,0.23697859048843384
246,0.9717562198638916,0.028243791311979294
247,0.9807571172714233,0.019242851063609123
248,0.9871562719345093,0.012843776494264603
249,0.07268436253070831,0.9273156523704529
250,0.8357906341552734,0.16420941054821014
251,0.2043914943933487,0.7956085205078125
252,0.48312467336654663,0.5168753266334534
253,0.10758443921804428,0.8924155235290527
254,0.9914753437042236,0.00852472148835659
255,0.6978331208229065,0.3021669089794159
256,0.09199514985084534,0.9080048203468323
257,0.9693393111228943,0.03066072054207325
258,0.9836258292198181,0.016374170780181885
259,0.8962520360946655,0.10374800860881805
260,0.9507718682289124,0.049228161573410034
261,0.9904657602310181,0.009534294717013836
262,0.9320479035377502,0.06795215606689453
263,0.9952078461647034,0.004792187362909317
264,0.9801387786865234,0.019861215725541115
265,0.9850718379020691,0.014928126707673073
266,0.9265726804733276,0.07342732697725296
267,0.9751482009887695,0.024851791560649872
268,0.9858790040016174,0.014120993204414845
269,0.9936168193817139,0.006383214145898819
270,0.9956095814704895,0.004390439484268427
271,0.9949119687080383,0.005088107660412788
272,0.9764944911003113,0.02350551262497902
273,0.9891977906227112,0.010802218690514565
274,0.5457859039306641,0.4542141258716583
275,0.9840424656867981,0.015957526862621307
276,0.9752775430679321,0.024722430855035782
277,0.9943051934242249,0.005694799590855837
278,0.13428844511508942,0.865711510181427
279,0.9895227551460266,0.010477229952812195
280,0.9905470013618469,0.009452938102185726
281,0.9918334484100342,0.008166491985321045
282,0.9873806238174438,0.012619356624782085
283,0.9036487936973572,0.09635117650032043
284,0.9759112596511841,0.024088816717267036
285,0.9870225787162781,0.012977482751011848
286,0.9948410391807556,0.005158923100680113
287,0.9883670210838318,0.011632932350039482
288,0.9853357076644897,0.01466437242925167
289,0.9735388159751892,0.026461204513907433
290,0.9419742226600647,0.05802576616406441
291,0.9879177212715149,0.012082255445420742
292,0.6194333434104919,0.38056662678718567
293,0.9729036688804626,0.027096277102828026
294,0.9850631952285767,0.014936811290681362
295,0.9620752334594727,0.037924766540527344
296,0.09225975722074509,0.9077402353286743
297,0.9873314499855042,0.012668558396399021
298,0.9873906373977661,0.012609361670911312
299,0.7336502075195312,0.26634976267814636
300,0.8745789527893066,0.12542109191417694
301,0.9918783903121948,0.008121666498482227
302,0.9699357748031616,0.03006424941122532
303,0.9921663999557495,0.007833605632185936
304,0.9941406846046448,0.005859341472387314
305,0.987036943435669,0.012963088229298592
306,0.9908115863800049,0.009188422001898289
307,0.3792870342731476,0.6207129955291748
308,0.7252699136734009,0.2747300863265991
309,0.35452282428741455,0.6454771757125854
310,0.9885678291320801,0.011432153172791004
311,0.2569924592971802,0.743007481098175
312,0.986570417881012,0.013429612852633
313,0.9906634092330933,0.00933657493442297
314,0.9837093353271484,0.016290629282593727
315,0.954349160194397,0.04565078765153885
316,0.8226567506790161,0.17734327912330627
317,0.20772530138492584,0.7922747135162354
318,0.8634169101715088,0.1365830898284912
319,0.9835736751556396,0.016426291316747665
320,0.990358293056488,0.009641662240028381
321,0.9871676564216614,0.012832420878112316
322,0.965238094329834,0.03476187586784363
323,0.969881534576416,0.030118437483906746
324,0.9705195426940918,0.02948044426739216
325,0.989030659198761,0.010969308204948902
326,0.9622060060501099,0.037794020026922226
327,0.9874948859214783,0.012505087070167065
328,0.9885324239730835,0.011467624455690384
329,0.9758874177932739,0.02411259151995182
330,0.9901185631752014,0.009881478734314442
331,0.9621006846427917,0.03789927810430527
332,0.5335907340049744,0.46640926599502563
333,0.9913045167922974,0.008695520460605621
334,0.7901670932769775,0.20983295142650604
335,0.992134690284729,0.007865323685109615
336,0.9896343946456909,0.010365672409534454
337,0.9878261685371399,0.01217387430369854
338,0.9822268486022949,0.017773129045963287
339,0.9908081889152527,0.009191874414682388
340,0.9869606494903564,0.013039353303611279
341,0.9933359622955322,0.006664033513516188
342,0.9919919371604919,0.00800805352628231
343,0.9885013103485107,0.011498654261231422
344,0.9906094670295715,0.009390554390847683
345,0.9917013049125671,0.008298658765852451
346,0.9537832736968994,0.04621676355600357
347,0.98689866065979,0.013101291842758656
348,0.3746521770954132,0.6253477931022644
349,0.7553677558898926,0.2446323037147522
350,0.9894272685050964,0.010572764091193676
351,0.9886279702186584,0.011372040025889874
352,0.9871988892555237,0.012801077216863632
353,0.9904160499572754,0.00958393607288599
354,0.9928299784660339,0.007170083466917276
355,0.9926375150680542,0.007362479344010353
356,0.6713143587112427,0.3286856710910797
357,0.9585930109024048,0.041407059878110886
358,0.922407865524292,0.07759212702512741
359,0.9905338287353516,0.00946615356951952
360,0.9741895794868469,0.02581038884818554
361,0.9932768940925598,0.006723084487020969
362,0.9859666228294373,0.014033351093530655
363,0.9870373010635376,0.012962697073817253
364,0.1656276434659958,0.8343724012374878
365,0.992256760597229,0.0077432906255126
366,0.9852415919303894,0.014758454635739326
367,0.9699265956878662,0.030073462054133415
368,0.9820266366004944,0.017973361536860466
369,0.9868924021720886,0.013107557781040668
370,0.9386729001998901,0.06132706627249718
371,0.9922709465026855,0.007729044184088707
372,0.9911789298057556,0.008821092545986176
373,0.9913756251335144,0.008624402806162834
374,0.9939413070678711,0.006058661732822657
375,0.6413374543190002,0.35866254568099976
376,0.9810980558395386,0.018901990726590157
377,0.9911782145500183,0.008821818046271801
378,0.9849318861961365,0.01506811287254095
379,0.3547655940055847,0.6452343463897705
380,0.9799048900604248,0.020095160230994225
381,0.9879124760627747,0.01208752766251564
382,0.9762392640113831,0.023760804906487465
383,0.9709007740020752,0.02909916080534458
384,0.9917844533920288,0.008215503767132759
385,0.9920977354049683,0.007902311161160469
386,0.9923970103263855,0.007602965459227562
387,0.9925612807273865,0.007438656408339739
388,0.11571606248617172,0.8842839002609253
389,0.9736067056655884,0.02639332413673401
390,0.653586208820343,0.3464137613773346
391,0.9911909699440002,0.008808998391032219
392,0.653271496295929,0.34672850370407104
393,0.9696746468544006,0.030325358733534813
394,0.9729386568069458,0.02706136181950569
395,0.8472593426704407,0.15274062752723694
396,0.27191218733787537,0.728087842464447
397,0.14580324292182922,0.8541967272758484
398,0.2825554609298706,0.7174444794654846
399,0.9377097487449646,0.06229028105735779
400,0.5903622508049011,0.4096377193927765
401,0.983590304851532,0.01640966534614563
402,0.9574335813522339,0.04256642982363701
403,0.8807094693183899,0.11929056793451309
404,0.4740987718105316,0.525901198387146
405,0.9864050149917603,0.013595015741884708
406,0.9150865077972412,0.084913469851017
407,0.05878489464521408,0.9412150979042053
408,0.9761571288108826,0.02384291961789131
409,0.7684664726257324,0.2315334677696228
410,0.5068624019622803,0.4931376278400421
411,0.9230399131774902,0.07696005702018738
412,0.34775060415267944,0.6522493958473206
413,0.5797027945518494,0.42029714584350586
414,0.952390730381012,0.04760923609137535
415,0.08429776132106781,0.915702223777771
416,0.0863238126039505,0.9136761426925659
417,0.8331669569015503,0.16683310270309448
418,0.3813823461532593,0.6186177134513855
419,0.0515078641474247,0.948492169380188
420,0.9790415167808533,0.020958466455340385
421,0.1779291331768036,0.822070837020874
422,0.6539413928985596,0.34605860710144043
423,0.5907021760940552,0.40929776430130005
424,0.5058432221412659,0.49415671825408936
425,0.4349115192890167,0.5650885105133057
426,0.6583380699157715,0.34166190028190613
427,0.5853028893470764,0.4146971106529236
428,0.058176860213279724,0.9418231844902039
429,0.9733596444129944,0.026640387251973152
430,0.9647507667541504,0.03524921089410782
431,0.06361419707536697,0.9363857507705688
432,0.03508443012833595,0.9649155139923096
433,0.9263134002685547,0.07368659973144531
434,0.19080646336078644,0.8091935515403748
435,0.5306975841522217,0.4693024158477783
436,0.3056263327598572,0.6943736672401428
437,0.17936910688877106,0.8206309080123901
438,0.07256928086280823,0.9274306893348694
439,0.9843601584434509,0.01563986763358116
440,0.8256210684776306,0.17437897622585297
441,0.034649793058633804,0.9653502702713013
442,0.1676548272371292,0.832345187664032
443,0.9755628108978271,0.024437176063656807
444,0.25601398944854736,0.7439860105514526
445,0.8898812532424927,0.11011876910924911
446,0.048612143844366074,0.9513878226280212
447,0.9841935038566589,0.015806550160050392
448,0.9088713526725769,0.09112866967916489
449,0.9841398000717163,0.015860186889767647
450,0.5481904149055481,0.4518096148967743
451,0.9824085831642151,0.01759139634668827
452,0.7372080087661743,0.2627919912338257
453,0.9820027351379395,0.017997223883867264
454,0.126573383808136,0.8734266757965088
455,0.020050380378961563,0.9799496531486511
456,0.9303467273712158,0.06965324282646179
457,0.9333433508872986,0.06665661931037903
458,0.9689337611198425,0.031066183000802994
459,0.7651879191398621,0.23481212556362152
460,0.9680188298225403,0.031981196254491806
461,0.9011571407318115,0.09884285926818848
462,0.9840809106826782,0.01591908559203148
463,0.8672675490379333,0.13273248076438904
464,0.25137853622436523,0.7486215233802795
465,0.9879485368728638,0.012051497586071491
466,0.9374679923057556,0.06253200769424438
467,0.976974606513977,0.023025376722216606
468,0.964337944984436,0.03566201776266098
469,0.9771231412887573,0.022876858711242676
470,0.9852468967437744,0.01475311629474163
471,0.6038464307785034,0.3961535394191742
472,0.30432620644569397,0.6956737637519836
473,0.985203742980957,0.014796212315559387
474,0.91539466381073,0.08460529893636703
475,0.9910693168640137,0.008930671960115433
476,0.9505776166915894,0.049422428011894226
477,0.023908937349915504,0.9760910868644714
478,0.7467284202575684,0.25327157974243164
479,0.9856660962104797,0.014333863742649555
480,0.9883419871330261,0.011658065021038055
481,0.9912211894989014,0.008778776973485947
482,0.9771164059638977,0.022883614525198936
483,0.9864965081214905,0.013503516092896461
484,0.7855735421180725,0.2144264429807663
485,0.8346084952354431,0.1653914749622345
486,0.9893369674682617,0.010662999004125595
487,0.9539502263069153,0.0460498221218586
488,0.7706530690193176,0.22934694588184357
489,0.1048656478524208,0.8951343297958374
490,0.21732249855995178,0.7826774716377258
491,0.9186185598373413,0.08138146251440048
492,0.5322124361991882,0.46778756380081177
493,0.8262147307395935,0.1737852245569229
494,0.8048735857009888,0.19512638449668884
495,0.8491238355636597,0.15087617933750153
496,0.6919373869895935,0.3080626130104065
497,0.983414351940155,0.0165856946259737
498,0.92154860496521,0.07845144718885422
499,0.9565733671188354,0.04342660680413246
500,0.9862680435180664,0.013731950893998146
501,0.37979376316070557,0.6202062368392944
502,0.9243374466896057,0.07566259056329727
503,0.5005542039871216,0.4994457960128784
504,0.7491903305053711,0.2508096694946289
505,0.4624118506908417,0.5375881195068359
506,0.932506263256073,0.06749376654624939
507,0.09424571692943573,0.9057542681694031
508,0.23997379839420319,0.7600261569023132
509,0.06892376393079758,0.9310762882232666
510,0.9561241865158081,0.043875802308321
511,0.9905027151107788,0.009497287683188915
512,0.9866412281990051,0.01335885003209114
513,0.9569128155708313,0.043087173253297806
514,0.03001127392053604,0.9699887037277222
515,0.0547117181122303,0.9452882409095764
516,0.9902320504188538,0.009768001735210419
517,0.03358897194266319,0.9664109945297241
518,0.045210015028715134,0.954789936542511
519,0.05124463513493538,0.9487553238868713
520,0.024091091006994247,0.9759088754653931
521,0.5208404660224915,0.47915953397750854
522,0.028351981192827225,0.971648097038269
523,0.034117862582206726,0.9658821225166321
524,0.12309668213129044,0.8769032955169678
525,0.9892787337303162,0.010721245780587196
526,0.8546026945114136,0.14539730548858643
527,0.9823916554450989,0.017608365043997765
528,0.08031395822763443,0.9196860194206238
529,0.03225604072213173,0.967743992805481
530,0.06652268767356873,0.9334773421287537
531,0.9853110313415527,0.014689017087221146
532,0.04169090837240219,0.9583090543746948
533,0.8577712178230286,0.14222881197929382
534,0.4190335273742676,0.5809664130210876
535,0.025442391633987427,0.974557638168335
536,0.07704430818557739,0.9229557514190674
537,0.06202482804656029,0.9379751086235046
538,0.03466230630874634,0.9653376936912537
539,0.027763504534959793,0.9722364544868469
540,0.19425806403160095,0.8057419061660767
541,0.12122476100921631,0.8787752389907837
542,0.19860924780368805,0.8013907074928284
543,0.9856954216957092,0.014304587617516518
544,0.8262168765068054,0.17378318309783936
545,0.06581331044435501,0.9341866970062256
546,0.1842019408941269,0.8157980442047119
547,0.08028392493724823,0.9197160601615906
548,0.03755663335323334,0.9624433517456055
549,0.4770371615886688,0.5229628086090088
550,0.16310718655586243,0.83689284324646
551,0.13949370384216309,0.8605062961578369
552,0.07499876618385315,0.9250012636184692
553,0.3256242275238037,0.6743757724761963
554,0.9005518555641174,0.09944817423820496
555,0.44026073813438416,0.5597392916679382
556,0.994074285030365,0.0059256902895867825
557,0.9785447120666504,0.021455273032188416
558,0.08586494624614716,0.9141350984573364
559,0.046799298375844955,0.95320063829422
560,0.9443501830101013,0.055649854242801666
561,0.9609530568122864,0.03904695063829422
562,0.43793219327926636,0.5620678067207336
563,0.9025195837020874,0.097480408847332
564,0.9672497510910034,0.03275018557906151
565,0.990369975566864,0.009630003944039345
566,0.9918338060379028,0.008166219107806683
567,0.9517161846160889,0.048283882439136505
568,0.9907714128494263,0.009228590875864029
569,0.9755210280418396,0.02447892539203167
570,0.9413508176803589,0.05864913761615753
571,0.9919187426567078,0.00808133278042078
572,0.9661647081375122,0.0338352732360363
573,0.3326868712902069,0.6673131585121155
574,0.9530274868011475,0.04697256162762642
575,0.03282790258526802,0.9671721458435059
576,0.8707547783851624,0.12924517691135406
577,0.9796472787857056,0.02035270817577839
578,0.9621542096138,0.03784579783678055
579,0.8099724054336548,0.19002756476402283
580,0.9835259914398193,0.016474038362503052
581,0.9915741086006165,0.008425895124673843
582,0.8943365812301636,0.10566338896751404
583,0.04999644309282303,0.9500035047531128
584,0.04524005576968193,0.954759955406189
585,0.9454129934310913,0.054587047547101974
586,0.9198877215385437,0.0801122710108757
587,0.9711525440216064,0.02884749509394169
588,0.9916422367095947,0.008357738144695759
589,0.9645538330078125,0.0354461707174778
590,0.9758002161979675,0.024199748411774635
591,0.9656826257705688,0.034317392855882645
592,0.8660106062889099,0.13398945331573486
593,0.9608353972434998,0.03916456177830696
594,0.8517544865608215,0.14824551343917847
595,0.9843384623527527,0.015661589801311493
596,0.9867962598800659,0.013203740119934082
597,0.9090002775192261,0.09099972993135452
598,0.9541295766830444,0.045870404690504074
599,0.020910071209073067,0.9790899753570557
600,0.9715088605880737,0.028491180390119553
601,0.9665414094924927,0.033458635210990906
602,0.9887585639953613,0.011241422966122627
603,0.49240681529045105,0.5075932145118713
604,0.988608717918396,0.01139122061431408
605,0.9926665425300598,0.007333465851843357
606,0.15070481598377228,0.8492951393127441
607,0.9884155988693237,0.011584409512579441
608,0.9914032816886902,0.00859670341014862
609,0.9915347695350647,0.00846524816006422
610,0.956799328327179,0.043200694024562836
611,0.9808642268180847,0.019135724753141403
612,0.9931818842887878,0.006818075198680162
613,0.9763094782829285,0.023690585047006607
614,0.9370083808898926,0.06299163401126862
615,0.9925203323364258,0.007479692343622446
616,0.9942269325256348,0.005773082375526428
617,0.9342984557151794,0.06570150703191757
618,0.9946803450584412,0.00531961303204298
619,0.9950549602508545,0.004944995511323214
620,0.9885857701301575,0.01141420565545559
621,0.9858981370925903,0.01410190761089325
622,0.9851881265640259,0.01481183897703886
623,0.786963939666748,0.21303606033325195
624,0.9939278364181519,0.0060721212066709995
625,0.9915745854377747,0.008425397798418999
626,0.9807166457176208,0.019283344969153404
627,0.2667023539543152,0.7332976460456848
628,0.9907504916191101,0.009249559603631496
629,0.9944891929626465,0.005510836839675903
630,0.9894385933876038,0.010561442002654076
631,0.9909992218017578,0.009000838734209538
632,0.9892175197601318,0.010782517492771149
633,0.9878211617469788,0.012178800068795681
634,0.9899522662162781,0.010047747753560543
635,0.9790204167366028,0.020979586988687515
636,0.9432641267776489,0.05673588812351227
637,0.9825939536094666,0.017406025901436806
638,0.9829650521278381,0.017034975811839104
639,0.9913325905799866,0.00866734515875578
640,0.9131245017051697,0.0868755578994751
641,0.8947054743766785,0.10529451072216034
642,0.7607730627059937,0.23922692239284515
643,0.9903385043144226,0.00966145284473896
644,0.9889603853225708,0.011039606295526028
645,0.9905038475990295,0.009496085345745087
646,0.9674078226089478,0.03259217366576195
647,0.2199404239654541,0.7800595760345459
648,0.032265208661556244,0.9677348136901855
649,0.40175145864486694,0.5982486009597778
650,0.0388311892747879,0.9611687660217285
651,0.04469994455575943,0.9553000330924988
652,0.07262289524078369,0.9273771047592163
653,0.05470530688762665,0.9452946186065674
654,0.06517920643091202,0.934820830821991
655,0.9819856882095337,0.018014293164014816
656,0.02545027621090412,0.9745497107505798
657,0.028284387663006783,0.9717156291007996
658,0.07288775593042374,0.9271122217178345
659,0.03843295946717262,0.9615670442581177
660,0.03612375259399414,0.9638762474060059
661,0.02545587345957756,0.9745441675186157
662,0.6555005311965942,0.34449946880340576
663,0.13824638724327087,0.8617536425590515
664,0.0710168182849884,0.928983211517334
665,0.10920987278223038,0.8907901048660278
666,0.040210623294115067,0.9597893357276917
667,0.1385449469089508,0.8614550232887268
668,0.060285162180662155,0.9397148489952087
669,0.1661357581615448,0.8338642120361328
670,0.615469753742218,0.3845302164554596
671,0.07411730289459229,0.9258826375007629
672,0.038407102227211,0.961592972278595
673,0.03188502416014671,0.968114972114563
674,0.03382787108421326,0.9661721587181091
675,0.052949100732803345,0.947050929069519
676,0.06427105516195297,0.9357289671897888
677,0.028562139719724655,0.9714378714561462
678,0.07954404503107071,0.9204559922218323
679,0.043770741671323776,0.9562292098999023
680,0.1875695437192917,0.8124305009841919
681,0.04738730564713478,0.9526126384735107
682,0.3483225405216217,0.6516774892807007
683,0.021828383207321167,0.9781715869903564
684,0.027449138462543488,0.9725508689880371
685,0.6058349609375,0.3941650688648224
686,0.8021957874298096,0.19780418276786804
687,0.01690635085105896,0.9830936193466187
688,0.04322981461882591,0.9567701816558838
689,0.0254733394831419,0.9745267033576965
690,0.020339321345090866,0.97966068983078
691,0.030419819056987762,0.9695801734924316
692,0.10128043591976166,0.8987195491790771
693,0.22727808356285095,0.7727218866348267
694,0.6984205842018127,0.30157938599586487
695,0.026308134198188782,0.9736919403076172
696,0.09281513839960098,0.907184898853302
697,0.14342686533927917,0.8565731048583984
698,0.04513506963849068,0.9548649787902832
699,0.03215456008911133,0.9678454399108887
700,0.06728413701057434,0.932715892791748
701,0.07903415709733963,0.920965850353241
702,0.04737338423728943,0.9526265859603882
703,0.033847980201244354,0.966152012348175
704,0.9324544072151184,0.06754554808139801
705,0.071140818297863,0.9288591742515564
706,0.04071436822414398,0.9592856764793396
707,0.12145154178142548,0.8785484433174133
708,0.07755070179700851,0.9224492907524109
709,0.021686015650629997,0.9783139824867249
710,0.7474125027656555,0.25258755683898926
711,0.06975474953651428,0.9302452206611633
712,0.055370792746543884,0.9446292519569397
713,0.0879935622215271,0.9120064377784729
714,0.09579126536846161,0.904208779335022
715,0.02519206888973713,0.9748079180717468
716,0.0783005952835083,0.9216993451118469
717,0.4290085732936859,0.5709913969039917
718,0.040650635957717896,0.9593493342399597
719,0.2490597814321518,0.7509402632713318
720,0.18024735152721405,0.8197526335716248
721,0.04286470264196396,0.9571352601051331
722,0.13470320403575897,0.8652968406677246
723,0.05508389696478844,0.9449161291122437
724,0.1742510348558426,0.8257489800453186
725,0.041196905076503754,0.958803117275238
726,0.02038661763072014,0.9796134233474731
727,0.03720349445939064,0.9627965092658997
728,0.10746142268180847,0.8925386071205139
729,0.043575435876846313,0.9564245939254761
730,0.05244066193699837,0.9475592970848083
731,0.03475864976644516,0.9652413725852966
732,0.9884870052337646,0.01151302084326744
733,0.9541960954666138,0.04580385610461235
734,0.9912250638008118,0.008774898014962673
735,0.9617515802383423,0.03824840113520622
736,0.9778213500976562,0.022178716957569122
737,0.9941083192825317,0.005891666281968355
738,0.9913840293884277,0.008616008795797825
739,0.993643045425415,0.006356983445584774
740,0.27658817172050476,0.7234118580818176
741,0.9862674474716187,0.013732499442994595
742,0.043708618730306625,0.9562913775444031
743,0.9929466843605042,0.007053392007946968
744,0.9204319715499878,0.07956798374652863
745,0.9890028238296509,0.010997227393090725
746,0.2356780469417572,0.7643219828605652
747,0.9698521494865417,0.030147837474942207
748,0.9646210670471191,0.03537895157933235
749,0.9894227385520935,0.010577223263680935
750,0.9764808416366577,0.02351919747889042
751,0.9884181618690491,0.011581799015402794
752,0.34010663628578186,0.6598933935165405
753,0.9882325530052185,0.011767486110329628
754,0.815759539604187,0.1842404454946518
755,0.36979231238365173,0.6302076578140259
756,0.9787505865097046,0.021249400451779366
757,0.9517298936843872,0.04827018082141876
758,0.9920819997787476,0.007918012328445911
759,0.9918769598007202,0.008123025298118591
760,0.9906517267227173,0.009348233230412006
761,0.6839790940284729,0.3160209357738495
762,0.9866573214530945,0.013342694379389286
763,0.9144584536552429,0.08554159849882126
764,0.9935551285743713,0.006444896105676889
765,0.9843505620956421,0.015649423003196716
766,0.16733939945697784,0.8326606154441833
767,0.9892306923866272,0.010769347660243511
768,0.9454963207244873,0.054503634572029114
769,0.9612364768981934,0.03876347839832306
770,0.985714852809906,0.01428515650331974
771,0.9808973670005798,0.01910262554883957
772,0.9868791699409485,0.01312081329524517
773,0.9182138442993164,0.08178611844778061
774,0.9904798865318298,0.009520146995782852
775,0.9562106132507324,0.04378945752978325
776,0.9845496416091919,0.015450323931872845
777,0.9791951179504395,0.02080482803285122
778,0.21000608801841736,0.7899938821792603
779,0.9705285429954529,0.029471497982740402
780,0.9774980545043945,0.022501884028315544
781,0.13163906335830688,0.8683609366416931
782,0.19805285334587097,0.8019471764564514
783,0.04767289012670517,0.9523271322250366
784,0.6201660633087158,0.3798339366912842
785,0.0325668565928936,0.9674331545829773
786,0.972609281539917,0.02739076316356659
787,0.2357051819562912,0.7642948031425476
788,0.3903833031654358,0.6096166968345642
789,0.9461339116096497,0.05386609584093094
790,0.17463640868663788,0.8253635764122009
791,0.7630214095115662,0.23697859048843384
792,0.12368144094944,0.8763185143470764
793,0.7332468032836914,0.2667531967163086
794,0.8848739862442017,0.11512602865695953
795,0.11708754301071167,0.8829124569892883
796,0.9085874557495117,0.0914125069975853
797,0.646942138671875,0.3530578911304474
798,0.9691141247749329,0.030885867774486542
799,0.028788918629288673,0.9712110161781311
800,0.9853485226631165,0.014651451259851456
801,0.06937992572784424,0.9306201338768005
802,0.8546307682991028,0.14536923170089722
803,0.6443262100219727,0.35567381978034973
804,0.549095869064331,0.45090410113334656
805,0.02535839192569256,0.9746416211128235
806,0.055261798202991486,0.9447381496429443
807,0.8870332837104797,0.11296678334474564
808,0.8683122396469116,0.13168777525424957
809,0.32931965589523315,0.6706803441047668
810,0.21103735268115997,0.788962721824646
811,0.5554018020629883,0.44459816813468933
812,0.521543562412262,0.47845640778541565
813,0.49116048216819763,0.50883948802948
814,0.9460963606834412,0.053903575986623764
815,0.9835335612297058,0.016466453671455383
816,0.8363001942634583,0.16369976103305817
817,0.6086973547935486,0.3913026452064514
818,0.048978645354509354,0.9510214328765869
819,0.10814730823040009,0.8918527364730835
820,0.08911393582820892,0.9108859896659851
821,0.5295255184173584,0.4704744219779968
822,0.1610710471868515,0.8389289379119873
823,0.8111692667007446,0.18883074820041656
824,0.9823533296585083,0.01764659397304058
825,0.3447490334510803,0.6552509665489197
826,0.9528535008430481,0.047146428376436234
827,0.9521180987358093,0.04788194224238396
828,0.36706164479255676,0.6329383850097656
829,0.9643480181694031,0.035651981830596924
830,0.28389522433280945,0.7161047458648682
831,0.9075552821159363,0.09244474023580551
832,0.02862936072051525,0.9713706374168396
833,0.9551073908805847,0.04489263892173767
834,0.05322464928030968,0.9467753767967224
835,0.9806911945343018,0.019308796152472496
836,0.4636693596839905,0.5363306403160095
837,0.32653117179870605,0.673468828201294
838,0.6575264930725098,0.34247350692749023
839,0.9033135771751404,0.09668637812137604
840,0.9469877481460571,0.053012263029813766
841,0.21936622262001038,0.780633807182312
842,0.42869701981544495,0.5713030099868774
843,0.06019086018204689,0.9398092031478882
844,0.7640603184700012,0.23593972623348236
845,0.45288681983947754,0.5471131205558777
846,0.3420313000679016,0.6579686999320984
847,0.7119519114494324,0.2880480885505676
848,0.9392116069793701,0.06078832596540451
849,0.06120225042104721,0.9387977123260498
850,0.7245083451271057,0.2754916548728943
851,0.03198599815368652,0.9680140018463135
852,0.4102245569229126,0.5897754430770874
853,0.08744782954454422,0.9125522375106812
854,0.08059854805469513,0.9194014668464661
855,0.965597927570343,0.034402016550302505
856,0.06692557036876678,0.9330744743347168
857,0.8944936394691467,0.10550631582736969
858,0.9555473923683167,0.04445265606045723
859,0.08016256988048553,0.9198374152183533
860,0.07715683430433273,0.9228430986404419
861,0.31926703453063965,0.6807329654693604
862,0.04967111349105835,0.9503288865089417
863,0.13184697926044464,0.8681530952453613
864,0.9761193990707397,0.023880580440163612
865,0.7962608933448792,0.20373906195163727
866,0.9423835277557373,0.05761652812361717
867,0.37897634506225586,0.6210237145423889
868,0.14900624752044678,0.8509937524795532
869,0.4480116069316864,0.551988422870636
870,0.9645333290100098,0.035466670989990234
871,0.9638856053352356,0.03611435368657112
872,0.9398941397666931,0.060105882585048676
873,0.8231992125511169,0.17680080235004425
874,0.38962483406066895,0.610375165939331
875,0.05834326148033142,0.941656768321991
876,0.9623305201530457,0.03766946867108345
877,0.8984502553939819,0.10154976695775986
878,0.6155514121055603,0.3844485282897949
879,0.7387850880622864,0.26121485233306885
880,0.9131452441215515,0.08685474842786789
881,0.04564427211880684,0.9543556571006775
882,0.3477301299571991,0.6522698998451233
883,0.9800575971603394,0.019942373037338257
884,0.30901262164115906,0.6909874081611633
885,0.5737742185592651,0.42622581124305725
886,0.9516383409500122,0.04836174100637436
887,0.05967463180422783,0.9403253793716431
888,0.36674681305885315,0.6332531571388245
889,0.9747744798660278,0.025225559249520302
890,0.4022164046764374,0.597783625125885
891,0.2789015769958496,0.7210984230041504
892,0.9746333956718445,0.025366606190800667
893,0.18114183843135834,0.8188581466674805
894,0.9155647158622742,0.0844353437423706
895,0.9648469686508179,0.0351530946791172
896,0.13140684366226196,0.868593156337738
897,0.0479116216301918,0.9520884156227112
898,0.6777169108390808,0.3222831189632416
899,0.07034154236316681,0.9296584725379944
900,0.7320213317871094,0.26797863841056824
901,0.7447859644889832,0.25521397590637207
902,0.9555783867835999,0.04442163556814194
903,0.6371840238571167,0.3628159463405609
904,0.5862728953361511,0.41372713446617126
905,0.7499933242797852,0.25000664591789246
906,0.12800362706184387,0.8719964027404785
907,0.9901877045631409,0.009812244214117527
908,0.991576611995697,0.008423437364399433
909,0.09384927153587341,0.906150758266449
910,0.06479614973068237,0.9352037906646729
911,0.9599011540412903,0.0400988832116127
912,0.6133701205253601,0.3866298496723175
913,0.9866114854812622,0.013388521037995815
914,0.9003896713256836,0.09961040318012238
915,0.052196525037288666,0.9478034973144531
916,0.04215213656425476,0.9578478336334229
917,0.2359021008014679,0.7640978693962097
918,0.843924343585968,0.15607565641403198
919,0.9022073149681091,0.09779269993305206
920,0.046079300343990326,0.9539207220077515
921,0.26315659284591675,0.7368434071540833
922,0.05593022331595421,0.9440697431564331
923,0.7657284736633301,0.2342715561389923
924,0.0788530707359314,0.9211469292640686
925,0.041203901171684265,0.9587961435317993
926,0.8079143166542053,0.19208572804927826
927,0.9913894534111023,0.008610514923930168
928,0.9302561283111572,0.06974384933710098
929,0.9775365591049194,0.02246336080133915
930,0.223363995552063,0.7766359448432922
931,0.08450518548488617,0.9154948592185974
932,0.9475403428077698,0.052459657192230225
933,0.9439756274223328,0.05602439120411873
934,0.916776716709137,0.08322328329086304
935,0.7974027395248413,0.2025972604751587
936,0.9582738876342773,0.04172610118985176
937,0.378168523311615,0.6218314170837402
938,0.8745619654655457,0.12543801963329315
939,0.8521405458450317,0.14785940945148468
940,0.07216397672891617,0.927836000919342
941,0.14415960013866425,0.8558404445648193
942,0.9903900623321533,0.009609919972717762
943,0.05310555547475815,0.9468944668769836
944,0.07598043233156204,0.9240195751190186
945,0.9592602252960205,0.0407397598028183
946,0.9915361404418945,0.008463802747428417
947,0.07123980671167374,0.9287602305412292
948,0.40115058422088623,0.5988494157791138
949,0.04083095118403435,0.9591690897941589
950,0.12746039032936096,0.8725395798683167
951,0.12712979316711426,0.8728702068328857
952,0.69490647315979,0.30509355664253235
953,0.7190458178520203,0.28095415234565735
954,0.07714352011680603,0.9228564500808716
955,0.040401313453912735,0.9595986604690552
956,0.2031288892030716,0.7968711256980896
957,0.05684475228190422,0.9431552886962891
958,0.8292227983474731,0.17077715694904327
959,0.9460543394088745,0.053945641964673996
960,0.7707167863845825,0.22928324341773987
961,0.09161846339702606,0.9083815217018127
962,0.4781528115272522,0.5218471884727478
963,0.023029709234833717,0.9769703149795532
964,0.40876492857933044,0.5912351012229919
965,0.11467020958662033,0.8853298425674438
966,0.23521102964878082,0.7647889852523804
967,0.5727823972702026,0.42721763253211975
968,0.022750886157155037,0.9772491455078125
969,0.7043551802635193,0.2956448793411255
970,0.8686468601226807,0.13135312497615814
971,0.0242772176861763,0.9757227897644043
972,0.804016649723053,0.1959833949804306
973,0.09145469963550568,0.9085453152656555
974,0.6978718042373657,0.30212822556495667
975,0.7862410545349121,0.2137589156627655
976,0.12536577880382538,0.8746342062950134
977,0.03850637003779411,0.9614936113357544
978,0.09812773764133453,0.9018722772598267
979,0.07376600801944733,0.9262340068817139
980,0.7045198678970337,0.2954801023006439
981,0.9694207310676575,0.030579302459955215
982,0.2752376198768616,0.7247623205184937
983,0.15812237560749054,0.8418776392936707
984,0.11887820810079575,0.8811217546463013
985,0.6588661074638367,0.3411339521408081
986,0.5519251227378845,0.44807493686676025
987,0.14132151007652283,0.8586785197257996
988,0.928105890750885,0.07189416140317917
989,0.9852465391159058,0.014753391966223717
990,0.17614227533340454,0.8238576650619507
991,0.02343917451798916,0.9765608906745911
992,0.9512035250663757,0.048796478658914566
993,0.16183660924434662,0.838163435459137
994,0.09943690150976181,0.9005630612373352
995,0.3038766384124756,0.6961233615875244
996,0.04109234735369682,0.9589077234268188
997,0.08834554255008698,0.9116544723510742
998,0.23882709443569183,0.761172890663147
999,0.1603175401687622,0.839682400226593
1000,0.25177404284477234,0.7482259273529053
1001,0.9643766283988953,0.035623375326395035
1002,0.9571305513381958,0.04286941885948181
1003,0.9768450260162354,0.023154959082603455
1004,0.04936707392334938,0.9506328701972961
1005,0.041634365916252136,0.9583656191825867
1006,0.6127698421478271,0.38723012804985046
1007,0.04929853603243828,0.9507015347480774
1008,0.9719113707542419,0.028088577091693878
1009,0.915173351764679,0.08482668548822403
1010,0.23748619854450226,0.7625138163566589
1011,0.9771139025688171,0.02288602665066719
1012,0.9021730422973633,0.09782690554857254
1013,0.18064327538013458,0.8193566799163818
1014,0.10383991152048111,0.8961601257324219
1015,0.17112086713314056,0.8288791179656982
1016,0.023776641115546227,0.976223349571228
1017,0.5821436047554016,0.4178563356399536
1018,0.6059227585792542,0.39407727122306824
1019,0.12070425599813461,0.8792957663536072
1020,0.03420816734433174,0.9657918214797974
1021,0.09199324250221252,0.9080067873001099
1022,0.21852737665176392,0.7814726233482361
1023,0.0425252690911293,0.9574746489524841
1024,0.024896269664168358,0.9751037359237671
1025,0.06114935874938965,0.9388506412506104
1026,0.6380540728569031,0.3619459271430969
1027,0.938098669052124,0.06190133094787598
1028,0.7299818992614746,0.2700181305408478
1029,0.9635478258132935,0.036452148109674454
1030,0.7664572596549988,0.23354271054267883
1031,0.9538068175315857,0.04619318246841431
1032,0.03278296813368797,0.9672170877456665
1033,0.9779143333435059,0.02208567224442959
1034,0.04764511436223984,0.9523549675941467
1035,0.5804457068443298,0.41955432295799255
1036,0.4481232166290283,0.5518767833709717
1037,0.984353244304657,0.01564677804708481
1038,0.8852552771568298,0.11474475264549255
1039,0.9755154848098755,0.02448449470102787
1040,0.914474606513977,0.08552537113428116
1041,0.09056586027145386,0.9094341397285461
1042,0.08275146782398224,0.9172484874725342
1043,0.039562102407217026,0.9604379534721375
1044,0.0855821743607521,0.9144178628921509
1045,0.9855725169181824,0.014427416026592255
1046,0.025306563824415207,0.9746934175491333
1047,0.5145658850669861,0.4854341149330139
1048,0.1967717409133911,0.8032282590866089
1049,0.845674991607666,0.15432502329349518
1050,0.9721622467041016,0.027837829664349556
1051,0.07349798828363419,0.9265020489692688
1052,0.980815052986145,0.01918495073914528
1053,0.49701961874961853,0.5029803514480591
1054,0.06603610515594482,0.9339638948440552
1055,0.0557885468006134,0.944211483001709
1056,0.7518787980079651,0.2481212019920349
1057,0.9545804858207703,0.04541948437690735
1058,0.9779807329177856,0.022019248455762863
1059,0.09914419054985046,0.9008557796478271
1060,0.09658598154783249,0.9034139513969421
1061,0.07213839888572693,0.9278615713119507
1062,0.9352968335151672,0.06470318883657455
1063,0.962917149066925,0.037082839757204056
1064,0.151471346616745,0.8485286831855774
1065,0.9752148389816284,0.02478519268333912
1066,0.3305381238460541,0.6694619059562683
1067,0.2827884256839752,0.7172115445137024
1068,0.1112755611538887,0.8887244462966919
1069,0.9907425045967102,0.00925747212022543
1070,0.7458557486534119,0.2541443109512329
1071,0.13815857470035553,0.8618414402008057
1072,0.9761372208595276,0.023862797766923904
1073,0.6142579317092896,0.38574206829071045
1074,0.02984740026295185,0.9701526165008545
1075,0.5286865234375,0.4713134169578552
1076,0.03270135819911957,0.9672986268997192
1077,0.8320390582084656,0.16796089708805084
1078,0.3299320638179779,0.6700679659843445
1079,0.4039930999279022,0.5960068702697754
1080,0.8774936199188232,0.12250640243291855
1081,0.04083835706114769,0.959161639213562
1082,0.04338764026761055,0.9566122889518738
1083,0.035894982516765594,0.964104950428009
1084,0.12556196749210358,0.8744379878044128
1085,0.03277084231376648,0.9672291278839111
1086,0.04235247150063515,0.9576475024223328
1087,0.05927998572587967,0.9407199621200562
1088,0.03522419556975365,0.964775800704956
1089,0.04015475511550903,0.959845244884491
1090,0.040462031960487366,0.9595379829406738
1091,0.041736941784620285,0.9582630395889282
1092,0.14264322817325592,0.8573567271232605
1093,0.026548054069280624,0.9734519124031067
1094,0.022576479241251945,0.9774234890937805
1095,0.04701124131679535,0.9529887437820435
1096,0.07712797075510025,0.9228720664978027
1097,0.9782951474189758,0.02170482464134693
1098,0.07848870754241943,0.9215113520622253
1099,0.49804067611694336,0.5019593238830566
1100,0.08530507981777191,0.9146949648857117
1101,0.03849105164408684,0.9615089893341064
1102,0.046602558344602585,0.9533973932266235
1103,0.5380963683128357,0.4619036018848419
1104,0.04304245859384537,0.9569575786590576
1105,0.026200851425528526,0.9737991690635681
1106,0.02811209112405777,0.9718879461288452
1107,0.11823548376560211,0.8817645311355591
1108,0.05309772118926048,0.9469022750854492
1109,0.042685192078351974,0.9573148488998413
1110,0.21029017865657806,0.7897098064422607
1111,0.054622504860162735,0.94537752866745
1112,0.925028920173645,0.07497110217809677
1113,0.41361159086227417,0.5863884091377258
1114,0.395797997713089,0.6042020320892334
1115,0.09671341627836227,0.9032866358757019
1116,0.05096770450472832,0.9490322470664978
1117,0.035646259784698486,0.9643536806106567
1118,0.08330939710140228,0.9166905879974365
1119,0.03728516399860382,0.9627148509025574
1120,0.18415583670139313,0.8158441185951233
1121,0.03181857615709305,0.9681814908981323
1122,0.041124433279037476,0.9588755965232849
1123,0.054444458335638046,0.945555567741394
1124,0.048238735646009445,0.9517613053321838
1125,0.04017901048064232,0.9598209857940674
1126,0.039286550134420395,0.9607134461402893
1127,0.27416232228279114,0.7258377075195312
1128,0.14862273633480072,0.8513772487640381
1129,0.05714638531208038,0.942853569984436
1130,0.12123988568782806,0.8787600994110107
1131,0.48358362913131714,0.5164163112640381
1132,0.4275973439216614,0.5724026560783386
1133,0.03033859096467495,0.9696614146232605
1134,0.026940641924738884,0.9730594158172607
1135,0.06889215111732483,0.9311078786849976
1136,0.03626101091504097,0.9637390375137329
1137,0.06923720240592957,0.9307628273963928
1138,0.041812147945165634,0.9581878781318665
1139,0.05738333240151405,0.9426167011260986
1140,0.07883479446172714,0.9211651682853699
1141,0.02879420481622219,0.9712057709693909
1142,0.05622651427984238,0.9437735080718994
1143,0.12862050533294678,0.8713794350624084
1144,0.031114203855395317,0.9688857793807983
1145,0.03949253633618355,0.9605074524879456
1146,0.05614501237869263,0.9438549280166626
1147,0.6332625150680542,0.3667374551296234
1148,0.2317277491092682,0.7682722806930542
1149,0.038153376430273056,0.961846649646759
1150,0.040827345103025436,0.9591726064682007
1151,0.03343439847230911,0.9665655493736267
1152,0.06619217246770859,0.9338078498840332
1153,0.03463248163461685,0.9653674960136414
1154,0.04063970223069191,0.9593603014945984
1155,0.049827683717012405,0.9501723647117615
1156,0.023951195180416107,0.9760487675666809
1157,0.039710018783807755,0.9602899551391602
1158,0.03559882193803787,0.964401125907898
1159,0.13527876138687134,0.8647212386131287
1160,0.05155275762081146,0.9484472274780273
1161,0.4254058599472046,0.5745941400527954
1162,0.3932269215583801,0.6067730784416199
1163,0.9878770112991333,0.01212296076118946
1164,0.9916559457778931,0.008344028145074844
1165,0.06541665643453598,0.9345833659172058
1166,0.03770343214273453,0.9622966051101685
1167,0.9809184074401855,0.019081663340330124
1168,0.5454577803611755,0.45454224944114685
1169,0.08691978454589844,0.9130802750587463
1170,0.9613972306251526,0.03860272467136383
1171,0.09558182209730148,0.9044181704521179
1172,0.912238359451294,0.08776169270277023
1173,0.43083882331848145,0.5691611766815186
1174,0.3003654181957245,0.6996346116065979
1175,0.04523041471838951,0.9547695517539978
1176,0.39108821749687195,0.6089118123054504
1177,0.5153293013572693,0.48467063903808594
1178,0.4622010290622711,0.5377990007400513
1179,0.9900797605514526,0.009920209646224976
1180,0.017813673242926598,0.9821863174438477
1181,0.9903013706207275,0.009698606096208096
1182,0.9832894206047058,0.016710659489035606
1183,0.30208873748779297,0.697911262512207
1184,0.6988049745559692,0.30119505524635315
1185,0.9619558453559875,0.03804411366581917
1186,0.02208223193883896,0.9779177904129028
1187,0.8102337121963501,0.18976633250713348
1188,0.4427662789821625,0.5572336912155151
1189,0.09588224440813065,0.90411776304245
1190,0.26870208978652954,0.7312978506088257
1191,0.02768668346107006,0.9723133444786072
1192,0.03994915261864662,0.9600508213043213
1193,0.3192298412322998,0.6807701587677002
1194,0.973100483417511,0.026899533346295357
1195,0.1614423543214798,0.8385576605796814
1196,0.9175407290458679,0.08245924115180969
1197,0.8083372712135315,0.1916627287864685
1198,0.03294564411044121,0.9670544266700745
1199,0.03231734409928322,0.9676826596260071
1200,0.2768925428390503,0.7231073975563049
1201,0.8063811659812927,0.19361883401870728
1202,0.9911118149757385,0.008888209238648415
1203,0.09917625039815903,0.9008237719535828
1204,0.9931683540344238,0.006831637583673
1205,0.32351645827293396,0.6764835715293884
1206,0.8353328704833984,0.16466709971427917
1207,0.03233257308602333,0.9676674008369446
1208,0.7726743817329407,0.22732561826705933
1209,0.07563839107751846,0.9243616461753845
1210,0.22898761928081512,0.7710123062133789
1211,0.36618682742118835,0.6338131427764893
1212,0.9326277375221252,0.06737219542264938
1213,0.5760600566864014,0.42393994331359863
1214,0.9864196181297302,0.01358036044985056
1215,0.9833563566207886,0.016643689945340157
1216,0.982008695602417,0.017991358414292336
1217,0.9748106002807617,0.02518937736749649
1218,0.02875415049493313,0.9712458848953247
1219,0.029332684352993965,0.97066730260849
1220,0.8735373616218567,0.12646260857582092
1221,0.9831774830818176,0.0168224535882473
1222,0.7475684881210327,0.2524314820766449
1223,0.9808599948883057,0.019139977172017097
1224,0.9708026051521301,0.02919747866690159
1225,0.9000300168991089,0.09997005015611649
1226,0.9223353862762451,0.0776645690202713
1227,0.974764883518219,0.025235187262296677
1228,0.9008318185806274,0.09916819632053375
1229,0.988568902015686,0.011431107297539711
1230,0.9492592811584473,0.05074067413806915
1231,0.9333602786064148,0.066639743745327
1232,0.5410003662109375,0.4589995741844177
1233,0.6186566352844238,0.38134339451789856
1234,0.9820531010627747,0.017946869134902954
1235,0.9257737398147583,0.07422628998756409
1236,0.34293198585510254,0.6570679545402527
1237,0.9653984904289246,0.03460153564810753
1238,0.9823464751243591,0.01765354909002781
1239,0.9806936383247375,0.01930638961493969
1240,0.9837384223937988,0.016261618584394455
1241,0.8869622945785522,0.11303772777318954
1242,0.9634965062141418,0.03650347515940666
1243,0.9902599453926086,0.009740022011101246
1244,0.8566152453422546,0.14338475465774536
1245,0.9514575004577637,0.048542436212301254
1246,0.9516791105270386,0.04832089692354202
1247,0.04825272038578987,0.9517472386360168
1248,0.9684573411941528,0.031542688608169556
1249,0.10361409187316895,0.896385908126831
1250,0.029283195734024048,0.9707167744636536
1251,0.022847367450594902,0.9771526455879211
1252,0.05530555546283722,0.944694459438324
1253,0.02231888845562935,0.9776811599731445
1254,0.04038592427968979,0.9596140384674072
1255,0.9937649965286255,0.006234974600374699
1256,0.06341645121574402,0.9365835785865784
1257,0.022657962515950203,0.9773420691490173
1258,0.6329127550125122,0.3670872747898102
1259,0.033956024795770645,0.9660439491271973
1260,0.09496947377920151,0.9050304889678955
1261,0.9890530705451965,0.010946977883577347
1262,0.0865316092967987,0.9134684205055237
1263,0.027838487178087234,0.9721615314483643
1264,0.02204027958214283,0.9779597520828247
1265,0.9929503202438354,0.007049705367535353
1266,0.9902334213256836,0.00976656749844551
1267,0.993169903755188,0.006830065045505762
1268,0.036011628806591034,0.9639884233474731
1269,0.07191102206707001,0.9280889630317688
1270,0.04700208082795143,0.9529979228973389
1271,0.9822355508804321,0.017764389514923096
1272,0.10939005762338638,0.8906099796295166
1273,0.030892256647348404,0.9691076874732971
1274,0.02216354012489319,0.9778364896774292
1275,0.9894182085990906,0.010581815615296364
1276,0.9895126223564148,0.010487408377230167
1277,0.7004362344741821,0.29956376552581787
1278,0.03218737244606018,0.9678126573562622
1279,0.21475717425346375,0.7852428555488586
1280,0.058045290410518646,0.9419547319412231
1281,0.933944582939148,0.06605546176433563
1282,0.04106076434254646,0.958939254283905
1283,0.07518016546964645,0.924819827079773
1284,0.9928681254386902,0.007131864782422781
1285,0.021720461547374725,0.9782795310020447
1286,0.9789062738418579,0.02109372429549694
1287,0.9934223294258118,0.006577664520591497
1288,0.05370503291487694,0.9462950229644775
1289,0.9893607497215271,0.01063926238566637
1290,0.9923607707023621,0.007639193907380104
1291,0.9865604639053345,0.013439605012536049
1292,0.13642679154872894,0.8635731339454651
1293,0.08745127171278,0.9125487208366394
1294,0.04764669016003609,0.952353298664093
1295,0.024588817730545998,0.9754111170768738
1296,0.05339231342077255,0.9466076493263245
1297,0.11455398797988892,0.8854460716247559
1298,0.09374835342168808,0.9062516689300537
1299,0.2252914160490036,0.7747085690498352
1300,0.07571019232273102,0.9242897629737854
1301,0.023082099854946136,0.9769178628921509
1302,0.9538288712501526,0.04617113992571831
1303,0.9344878792762756,0.06551209092140198
1304,0.9902189373970032,0.00978103093802929
1305,0.7414557337760925,0.25854426622390747
1306,0.04767289012670517,0.9523271322250366
1307,0.9903620481491089,0.00963794719427824
1308,0.9608485102653503,0.03915148228406906
1309,0.9873731732368469,0.01262682769447565
1310,0.8741677403450012,0.12583224475383759
1311,0.9035906195640564,0.09640941768884659
1312,0.9888113737106323,0.011188608594238758
1313,0.14258666336536407,0.8574133515357971
1314,0.9793827533721924,0.02061723731458187
1315,0.030246946960687637,0.9697530269622803
1316,0.8659727573394775,0.13402724266052246
1317,0.08504679799079895,0.9149532318115234
1318,0.048735905438661575,0.9512640833854675
1319,0.17365945875644684,0.8263405561447144
1320,0.9610773324966431,0.03892261162400246
1321,0.8969051837921143,0.10309484601020813
1322,0.07373908162117004,0.9262609481811523
1323,0.9656635522842407,0.034336525946855545
1324,0.992280900478363,0.007719059474766254
1325,0.13734711706638336,0.8626529574394226
1326,0.05081693455576897,0.9491829872131348
1327,0.9701734781265259,0.029826486483216286
1328,0.046850092709064484,0.9531499743461609
1329,0.9809462428092957,0.019053801894187927
1330,0.9840001463890076,0.015999894589185715
1331,0.5391894578933716,0.4608105421066284
1332,0.09249114990234375,0.9075088500976562
1333,0.9872432947158813,0.012756731361150742
1334,0.9731825590133667,0.026817413046956062
1335,0.9816213250160217,0.018378619104623795
1336,0.9895591735839844,0.010440768674015999
1337,0.04819987714290619,0.9518001675605774
1338,0.9877507090568542,0.012249279767274857
1339,0.9874057173728943,0.012594273313879967
1340,0.9892557859420776,0.010744251310825348
1341,0.9951550960540771,0.004844876006245613
1342,0.12451381236314774,0.8754861354827881
1343,0.13838349282741547,0.8616165518760681
1344,0.05346696078777313,0.9465330243110657
1345,0.9796454310417175,0.02035457082092762
1346,0.9938668608665466,0.006133110728114843
1347,0.965125322341919,0.03487464040517807
1348,0.028509967029094696,0.9714900851249695
1349,0.9753377437591553,0.024662263691425323
1350,0.7015926837921143,0.29840731620788574
1351,0.03343433886766434,0.9665656685829163
1352,0.9901787042617798,0.009821310639381409
1353,0.7672441601753235,0.2327558398246765
1354,0.9204744100570679,0.07952556759119034
1355,0.0971832349896431,0.9028167724609375
1356,0.9513134956359863,0.048686519265174866
1357,0.9803456664085388,0.019654328003525734
1358,0.6509760022163391,0.34902405738830566
1359,0.7495815753936768,0.25041836500167847
1360,0.9934391379356384,0.006560832727700472
1361,0.9326727390289307,0.06732720881700516
1362,0.9752022624015808,0.024797750636935234
1363,0.9697712659835815,0.03022870235145092
1364,0.9762593507766724,0.023740628734230995
1365,0.9506085515022278,0.0493914969265461
1366,0.9730697870254517,0.026930255815386772
1367,0.9893876314163208,0.01061234250664711
1368,0.9842805862426758,0.015719467774033546
1369,0.9950628876686096,0.004937078803777695
1370,0.9686176776885986,0.03138234466314316
1371,0.8913763165473938,0.10862365365028381
1372,0.9804125428199768,0.019587485119700432
1373,0.9597066640853882,0.040293335914611816
1374,0.9785817265510559,0.021418288350105286
1375,0.9451741576194763,0.05482582002878189
1376,0.9745059013366699,0.025494113564491272
1377,0.9823917746543884,0.017608216032385826
1378,0.9751876592636108,0.024812377989292145
1379,0.3353508412837982,0.6646491885185242
1380,0.9728015661239624,0.027198398485779762
1381,0.9804973602294922,0.01950259506702423
1382,0.9794517755508423,0.02054820954799652
1383,0.9507314562797546,0.04926853999495506
1384,0.9871262907981873,0.01287373062223196
1385,0.9556257724761963,0.04437421262264252
1386,0.9796724319458008,0.020327595993876457
1387,0.9893689751625061,0.010631063021719456
1388,0.9085391163825989,0.0914609283208847
1389,0.9784647226333618,0.021535325795412064
1390,0.9884811639785767,0.011518795974552631
1391,0.9800105690956116,0.019989456981420517
1392,0.9809603691101074,0.019039593636989594
1393,0.986972987651825,0.013027061708271503
1394,0.9676162600517273,0.032383669167757034
1395,0.9823938608169556,0.017606154084205627
1396,0.9862821698188782,0.013717886991798878
1397,0.9711683988571167,0.028831621631979942
1398,0.9811372756958008,0.018862733617424965
1399,0.9745431542396545,0.02545691467821598
1400,0.9844949841499329,0.015505039133131504
1401,0.9700746536254883,0.029925402253866196
1402,0.9031957983970642,0.09680423140525818
1403,0.8108506202697754,0.18914936482906342
1404,0.9718419313430786,0.02815810963511467
1405,0.9488598704338074,0.051140159368515015
1406,0.9889370203018188,0.01106299553066492
1407,0.9249745607376099,0.07502543181180954
1408,0.9367890954017639,0.06321089714765549
1409,0.9895054697990417,0.010494451969861984
1410,0.9877896308898926,0.012210404500365257
1411,0.992922306060791,0.0070776380598545074
1412,0.9856379628181458,0.014362079091370106
1413,0.9925952553749084,0.007404797710478306
1414,0.9576801657676697,0.042319826781749725
1415,0.9666489958763123,0.03335096314549446
1416,0.9865937232971191,0.013406251557171345
1417,0.9884517192840576,0.011548271402716637
1418,0.9603186249732971,0.03968139365315437
1419,0.9749916791915894,0.02500835992395878
1420,0.44090673327445984,0.5590932965278625
1421,0.9859796166419983,0.014020351693034172
1422,0.16256573796272278,0.8374342322349548
1423,0.9559900164604187,0.04400996118783951
1424,0.06953088939189911,0.9304690957069397
1425,0.9838179349899292,0.01618214324116707
1426,0.8360877633094788,0.16391228139400482
1427,0.2404678910970688,0.75953209400177
1428,0.9715733528137207,0.02842670865356922
1429,0.9760428667068481,0.023957161232829094
1430,0.1289404034614563,0.8710595965385437
1431,0.42586198449134827,0.5741380453109741
1432,0.5740324854850769,0.4259674549102783
1433,0.5157816410064697,0.4842183589935303
1434,0.9768216013908386,0.023178331553936005
1435,0.9285658597946167,0.07143419235944748
1436,0.4363560080528259,0.5636439323425293
1437,0.9649108648300171,0.035089168697595596
1438,0.9683178067207336,0.031682226806879044
1439,0.920957624912262,0.07904236763715744
1440,0.9898152351379395,0.010184789076447487
1441,0.977946400642395,0.022053608670830727
1442,0.9835684895515442,0.016431491822004318
1443,0.9716131687164307,0.028386790305376053
1444,0.9202067852020264,0.07979316264390945
1445,0.0801110565662384,0.9198889136314392
1446,0.05751780420541763,0.9424821734428406
1447,0.5451870560646057,0.4548129141330719
1448,0.9918730854988098,0.008126876316964626
1449,0.706270158290863,0.29372984170913696
1450,0.9750323295593262,0.024967635050415993
1451,0.9855377078056335,0.014462328515946865
1452,0.9540523290634155,0.045947641134262085
1453,0.11592306196689606,0.8840768933296204
1454,0.9091267585754395,0.09087327867746353
1455,0.9838323593139648,0.016167648136615753
1456,0.18885327875614166,0.8111466765403748
1457,0.3745843768119812,0.625415563583374
1458,0.9593688249588013,0.04063120111823082
1459,0.2333950400352478,0.7666049599647522
1460,0.9885657429695129,0.011434276588261127
1461,0.9905486702919006,0.009451349265873432
1462,0.8730054497718811,0.1269945204257965
1463,0.9889479875564575,0.011051966808736324
1464,0.9832333922386169,0.01676666922867298
1465,0.9876739382743835,0.012326017953455448
1466,0.9883962869644165,0.011603742837905884
1467,0.5816848278045654,0.4183151423931122
1468,0.9738306999206543,0.026169247925281525
1469,0.9217995405197144,0.07820048183202744
1470,0.9083060622215271,0.09169398248195648
1471,0.9913416504859924,0.00865841843187809
1472,0.9810015559196472,0.018998440355062485
1473,0.9868618249893188,0.013138163834810257
1474,0.9837312698364258,0.016268782317638397
1475,0.21726612746715546,0.7827339172363281
1476,0.9886199235916138,0.011380079202353954
1477,0.9791461825370789,0.020853767171502113
1478,0.9338819980621338,0.066118024289608
1479,0.9861911535263062,0.013808812014758587
1480,0.9858787655830383,0.014121158979833126
1481,0.9927719235420227,0.007228140253573656
1482,0.3909130394458771,0.6090869307518005
1483,0.23991695046424866,0.7600830793380737
1484,0.918703556060791,0.08129646629095078
1485,0.992375910282135,0.007624085061252117
1486,0.9695936441421509,0.030406398698687553
1487,0.8269422650337219,0.17305777966976166
1488,0.141462042927742,0.8585379719734192
1489,0.987214207649231,0.012785837054252625
1490,0.5798134803771973,0.42018648982048035
1491,0.9815378189086914,0.0184621624648571
1492,0.7788711786270142,0.22112883627414703
1493,0.9836641550064087,0.01633591391146183
1494,0.952397346496582,0.04760267585515976
1495,0.9899609088897705,0.010039114393293858
1496,0.9905065894126892,0.009493495337665081
1497,0.9931267499923706,0.006873200181871653
1498,0.9913369417190552,0.008663027547299862
1499,0.04641022905707359,0.9535897374153137
1500,0.9780730605125427,0.021926984190940857
1501,0.9932231903076172,0.006776766385883093
1502,0.9918571710586548,0.008142842911183834
1503,0.9923503994941711,0.007649605628103018
1504,0.991807758808136,0.008192201144993305
1505,0.9925785660743713,0.007421414367854595
1506,0.13521702587604523,0.864782989025116
1507,0.35970446467399597,0.6402955651283264
1508,0.021101366728544235,0.9788985848426819
1509,0.9923220276832581,0.007677963003516197
1510,0.18567466735839844,0.8143253326416016
1511,0.9939026832580566,0.006097310222685337
1512,0.9907209873199463,0.009278995916247368
1513,0.9944485425949097,0.005551438312977552
1514,0.9934051632881165,0.0065948995761573315
1515,0.9733291268348694,0.02667088992893696
1516,0.9901615381240845,0.009838408790528774
1517,0.9947761297225952,0.005223806481808424
1518,0.9881702661514282,0.011829725466668606
1519,0.9899300932884216,0.01006993092596531
1520,0.9838255047798157,0.016174523159861565
1521,0.9934467673301697,0.006553219631314278
1522,0.9935885667800903,0.006411395501345396
1523,0.9599793553352356,0.04002056270837784
1524,0.9501985311508179,0.04980151355266571
1525,0.9921886920928955,0.0078113386407494545
1526,0.9845460653305054,0.01545390672981739
1527,0.9710537195205688,0.028946202248334885
1528,0.712018609046936,0.28798139095306396
1529,0.9935685396194458,0.0064313835464417934
1530,0.9837154746055603,0.016284501180052757
1531,0.9936703443527222,0.006329599302262068
1532,0.9929412603378296,0.007058777380734682
1533,0.9175646305084229,0.08243532478809357
1534,0.5691240429878235,0.4308759868144989
1535,0.08742081373929977,0.9125792384147644
1536,0.9909678101539612,0.00903214979916811
1537,0.9905767440795898,0.009423225186765194
1538,0.9945329427719116,0.005467060022056103
1539,0.9926514029502869,0.007348570041358471
1540,0.9868977069854736,0.013102216646075249
1541,0.052287302911281586,0.9477127194404602
1542,0.5114001035690308,0.48859989643096924
1543,0.9827614426612854,0.01723857782781124
1544,0.9899707436561584,0.010029219090938568
1545,0.98884516954422,0.011154843494296074
1546,0.9950041174888611,0.004995923489332199
1547,0.48127487301826477,0.5187250971794128
1548,0.9784457683563232,0.021554185077548027
1549,0.9809873104095459,0.0190126895904541
1550,0.9867695569992065,0.013230457901954651
1551,0.987126886844635,0.012873087078332901
1552,0.21388229727745056,0.786117672920227
1553,0.4281577467918396,0.5718422532081604
1554,0.9878268837928772,0.012173141352832317
1555,0.9535502195358276,0.04644983634352684
1556,0.9908764958381653,0.009123468771576881
1557,0.5729163289070129,0.42708367109298706
1558,0.9879502058029175,0.01204978208988905
1559,0.30950599908828735,0.6904940009117126
1560,0.9807785749435425,0.01922144554555416
1561,0.991696298122406,0.00830369908362627
1562,0.9326842427253723,0.0673157125711441
1563,0.9946345090866089,0.005365522112697363
1564,0.07765340805053711,0.9223466515541077
1565,0.31541937589645386,0.6845806241035461
1566,0.977009654045105,0.022990277037024498
1567,0.9788655042648315,0.021134542301297188
1568,0.9068264365196228,0.09317352622747421
1569,0.9785640239715576,0.02143596112728119
1570,0.14773936569690704,0.8522606492042542
1571,0.06201821193099022,0.9379817247390747
1572,0.9912282228469849,0.008771763183176517
1573,0.9860997796058655,0.01390014961361885
1574,0.9654494524002075,0.03455056995153427
1575,0.05417067930102348,0.9458293914794922
1576,0.9222337603569031,0.07776623964309692
1577,0.8987891674041748,0.10121079534292221
1578,0.9826685190200806,0.01733141392469406
1579,0.9898439645767212,0.010155986063182354
1580,0.038732558488845825,0.9612674713134766
1581,0.9472508430480957,0.05274912714958191
1582,0.9627518653869629,0.037248168140649796
1583,0.9810212850570679,0.018978718668222427
1584,0.7915690541267395,0.2084309607744217
1585,0.6548126339912415,0.3451874256134033
1586,0.9360852241516113,0.06391480565071106
1587,0.2980577051639557,0.7019423246383667
1588,0.9717894196510315,0.02821056731045246
1589,0.9261698126792908,0.07383019477128983
1590,0.8105922937393188,0.18940770626068115
1591,0.973716676235199,0.026283342391252518
1592,0.978316605091095,0.02168338932096958
1593,0.9825868010520935,0.017413228750228882
1594,0.9681656360626221,0.03183434531092644
1595,0.9844091534614563,0.015590854920446873
1596,0.9772900342941284,0.022709988057613373
1597,0.6907203197479248,0.3092796206474304
1598,0.21814565360546112,0.7818543314933777
1599,0.9693449139595032,0.0306551456451416
1600,0.47120365500450134,0.5287963151931763
1601,0.976024329662323,0.023975621908903122
1602,0.7032060027122498,0.29679399728775024
1603,0.06098366901278496,0.9390162825584412
1604,0.8693633675575256,0.13063658773899078
1605,0.9482245445251465,0.05177538841962814
1606,0.9653412699699402,0.0346587710082531
1607,0.9789322018623352,0.02106783166527748
1608,0.3543557822704315,0.6456442475318909
1609,0.0627349391579628,0.9372649788856506
1610,0.5353103876113892,0.46468961238861084
1611,0.9652044177055359,0.034795571118593216
1612,0.9116436243057251,0.0883563905954361
1613,0.975437343120575,0.024562695994973183
1614,0.195721834897995,0.8042781352996826
1615,0.8421279788017273,0.15787199139595032
1616,0.9865765571594238,0.013423429802060127
1617,0.18204011023044586,0.8179599046707153
1618,0.9793973565101624,0.02060268633067608
1619,0.09033748507499695,0.9096625447273254
1620,0.9716722965240479,0.028327789157629013
1621,0.9733456373214722,0.026654336601495743
1622,0.989450991153717,0.01054900512099266
1623,0.34423214197158813,0.6557678580284119
1624,0.03399549424648285,0.966004490852356
1625,0.4511021673679352,0.5488978624343872
1626,0.3041866719722748,0.6958133578300476
1627,0.967999279499054,0.032000720500946045
1628,0.9871029257774353,0.012897087261080742
1629,0.8180076479911804,0.181992307305336
1630,0.9003123641014099,0.09968771785497665
1631,0.97267085313797,0.027329182252287865
1632,0.9904171228408813,0.009582932107150555
1633,0.9322826862335205,0.0677172988653183
1634,0.9940379858016968,0.005961969960480928
1635,0.9901021718978882,0.009897829964756966
1636,0.9819772243499756,0.018022775650024414
1637,0.9276597499847412,0.0723402127623558
1638,0.9874696731567383,0.012530351057648659
1639,0.9680823683738708,0.03191759064793587
1640,0.9660723209381104,0.033927708864212036
1641,0.9854104518890381,0.01458953507244587
1642,0.662238359451294,0.3377615809440613
1643,0.9892332553863525,0.010766741819679737
1644,0.901902437210083,0.09809759259223938
1645,0.9928467869758606,0.007153191603720188
1646,0.9778571128845215,0.022142870351672173
1647,0.9915709495544434,0.008429083973169327
1648,0.5515685081481934,0.44843152165412903
1649,0.9835522770881653,0.016447696834802628
1650,0.9833092093467712,0.016690829768776894
1651,0.6595512628555298,0.3404487073421478
1652,0.9892746806144714,0.010725302621722221
1653,0.9822888374328613,0.01771117001771927
1654,0.9924964904785156,0.0075035542249679565
1655,0.15715231001377106,0.8428477048873901
1656,0.9928404092788696,0.007159632630646229
1657,0.7357341051101685,0.26426586508750916
1658,0.9835596084594727,0.01644035615026951
1659,0.9928531050682068,0.007146881893277168
1660,0.9903834462165833,0.009616606868803501
1661,0.9917500615119934,0.008249908685684204
1662,0.9805533289909363,0.01944671757519245
1663,0.7886712551116943,0.21132875978946686
1664,0.8714240193367004,0.12857599556446075
1665,0.9857945442199707,0.014205408282577991
1666,0.79180508852005,0.20819492638111115
1667,0.9921048879623413,0.00789511390030384
1668,0.9807811975479126,0.019218798726797104
1669,0.9911415576934814,0.008858450688421726
1670,0.9907559752464294,0.009244055487215519
1671,0.9872094392776489,0.012790501117706299
1672,0.9008447527885437,0.09915522485971451
1673,0.8338865637779236,0.16611337661743164
1674,0.8352739810943604,0.16472607851028442
1675,0.6231777667999268,0.37682220339775085
1676,0.9710986018180847,0.028901349753141403
1677,0.9900072813034058,0.009992722421884537
1678,0.964771032333374,0.035228993743658066
1679,0.4359579384326935,0.5640420913696289
1680,0.9689140915870667,0.031085912138223648
1681,0.9923201203346252,0.007679911330342293
1682,0.9722221493721008,0.02777784690260887
1683,0.9894114136695862,0.010588536970317364
1684,0.9811081290245056,0.01889188028872013
1685,0.9907506108283997,0.009249388240277767
1686,0.5940876603126526,0.4059123396873474
1687,0.9885864853858948,0.011413506232202053
1688,0.9622732996940613,0.03772672638297081
1689,0.9461045861244202,0.053895462304353714
1690,0.9906965494155884,0.009303413331508636
1691,0.9783633947372437,0.02163667231798172
1692,0.9827022552490234,0.017297761514782906
1693,0.9808922410011292,0.019107777625322342
1694,0.319602370262146,0.6803976893424988
1695,0.9872455596923828,0.012754444032907486
1696,0.9899874329566956,0.010012529790401459
1697,0.9894294142723083,0.010570618323981762
1698,0.9381066560745239,0.06189330294728279
1699,0.9705131649971008,0.029486844316124916
1700,0.9904753565788269,0.00952462200075388
1701,0.9879742860794067,0.012025749310851097
1702,0.9768491387367249,0.023150866851210594
1703,0.9930318593978882,0.006968063302338123
1704,0.519878625869751,0.480121374130249
1705,0.7959137558937073,0.20408625900745392
1706,0.9462378025054932,0.053762223571538925
1707,0.9911891222000122,0.008810842409729958
1708,0.04803182929754257,0.9519681334495544
1709,0.992400050163269,0.007599980104714632
1710,0.9840213656425476,0.015978580340743065
1711,0.9851421117782593,0.014857861213386059
1712,0.9414000511169434,0.05859990417957306
1713,0.9736374616622925,0.026362553238868713
1714,0.18918240070343018,0.8108175992965698
1715,0.047762732952833176,0.9522371888160706
1716,0.9808434844017029,0.01915651559829712
1717,0.15733735263347626,0.8426626324653625
